Sr.No,Class Name,Line Coverage,Branch Coverage,Branch Missed,Branch Missed+Covered,BranchCoveragePercentageDecimal,BranchCoveragePercentage
1,PlotRenderingInfo,42,11,9,20.0,0.55,55.0
2,CombinedDomainXYPlot,149,47,59,106.0,0.44339624,44.339622
3,PolarPlot,302,104,180,284.0,0.36619717,36.619717
4,DatasetRenderingOrder,15,6,4,10.0,0.6,60.000004
5,DialShape,14,4,8,12.0,0.33333334,33.333336
6,Plot,246,90,86,176.0,0.5113636,51.136364
7,PiePlotState,34,0,0,0.0,0,0.0
8,ThermometerPlot,200,80,118,198.0,0.4040404,40.40404
9,RingPlot,90,25,45,70.0,0.35714287,35.714287
10,ContourPlotUtilities,0,0,0,0.0,0,0.0
11,PiePlot,779,227,129,356.0,0.6376405,63.764046
12,PieLabelDistributor,50,21,13,34.0,0.61764705,61.764706
13,PlotUtilities,0,0,6,6.0,0.0,0.0
14,PieLabelRecord,45,19,7,26.0,0.7307692,73.07692
15,PlotState,4,0,0,0.0,0,0.0
16,FastScatterPlot,218,65,37,102.0,0.6372549,63.72549
17,CompassPlot,107,36,69,105.0,0.34285715,34.285717
18,DefaultDrawingSupplier,147,50,6,56.0,0.89285713,89.28571
19,CategoryMarker,27,7,3,10.0,0.7,70.0
20,Crosshair,159,33,1,34.0,0.9705882,97.05882
21,RainbowPalette,14,0,0,0.0,0,0.0
22,JThermometer,0,0,18,18.0,0.0,0.0
23,MeterPlot,347,93,49,142.0,0.6549296,65.49296
24,IntervalMarker,32,10,2,12.0,0.8333333,83.33333
25,AbstractPieLabelDistributor,10,0,0,0.0,0,0.0
26,GreyPalette,18,2,0,2.0,1.0,100.0
27,CombinedRangeXYPlot,142,43,59,102.0,0.42156863,42.156864
28,CombinedRangeCategoryPlot,145,45,41,86.0,0.5232558,52.325584
29,ColorPalette,35,15,41,56.0,0.26785713,26.785713
30,MultiplePiePlot,123,34,50,84.0,0.4047619,40.476192
31,MeterInterval,36,8,6,14.0,0.5714286,57.14286
32,PlotOrientation,21,8,2,10.0,0.8,80.0
33,WaferMapPlot,0,0,44,44.0,0.0,0.0
34,PolarAxisLocation,34,19,3,22.0,0.8636364,86.36364
35,CombinedDomainCategoryPlot,149,47,49,96.0,0.48958334,48.958336
36,XYPlot,1288,538,328,866.0,0.6212471,62.12471
37,ValueMarker,19,7,1,8.0,0.875,87.5
38,ContourPlot,23,4,202,206.0,0.019417476,1.9417475
39,SpiderWebPlot,389,101,43,144.0,0.7013889,70.13889
40,CategoryPlot,1157,464,232,696.0,0.6666667,66.66667
41,Marker,136,35,7,42.0,0.8333333,83.33333
42,PiePlot3D,262,59,89,148.0,0.39864865,39.864864
43,CrosshairState,24,1,11,12.0,0.083333336,8.333334
44,CategoryCrosshairState,13,1,11,12.0,0.083333336,8.333334
45,PieLabelLinkStyle,21,9,3,12.0,0.75,75.0
46,SeriesRenderingOrder,15,6,4,10.0,0.6,60.000004
47,StandardToolTipTagFragmentGenerator,3,0,0,0.0,0,0.0
48,DynamicDriveToolTipTagFragmentGenerator,0,0,0,0.0,0,0.0
49,StandardURLTagFragmentGenerator,3,0,0,0.0,0,0.0
50,OverLIBToolTipTagFragmentGenerator,4,0,0,0.0,0,0.0
51,ImageMapUtilities,32,22,12,34.0,0.64705884,64.70589
52,DefaultAxisEditor,0,0,22,22.0,0.0,0.0
53,DefaultChartEditor,0,0,6,6.0,0.0,0.0
54,DefaultPlotEditor,0,0,110,110.0,0.0,0.0
55,DefaultLogAxisEditor,0,0,12,12.0,0.0,0.0
56,DefaultTitleEditor,0,0,22,22.0,0.0,0.0
57,DefaultValueAxisEditor,0,0,32,32.0,0.0,0.0
58,DefaultPolarPlotEditor,0,0,12,12.0,0.0,0.0
59,DefaultNumberAxisEditor,0,0,12,12.0,0.0,0.0
60,DefaultColorBarEditor,0,0,10,10.0,0.0,0.0
61,DefaultChartEditorFactory,0,0,0,0.0,0,0.0
62,PaletteChooserPanel,0,0,0,0.0,0,0.0
63,PaletteSample,0,0,4,4.0,0.0,0.0
64,ChartEditorManager,0,0,0,0.0,0,0.0
65,CustomPieURLGenerator,39,17,7,24.0,0.7083333,70.83333
66,StandardXYURLGenerator,20,6,8,14.0,0.42857143,42.857143
67,StandardCategoryURLGenerator,39,11,9,20.0,0.55,55.0
68,TimeSeriesURLGenerator,44,15,5,20.0,0.75,75.0
69,StandardXYZURLGenerator,0,0,0,0.0,0,0.0
70,CustomXYURLGenerator,39,18,10,28.0,0.64285713,64.28571
71,CustomCategoryURLGenerator,40,18,10,28.0,0.64285713,64.28571
72,URLUtilities,0,0,0,0.0,0,0.0
73,StandardPieURLGenerator,35,11,3,14.0,0.78571427,78.57143
74,LegendGraphic,148,44,30,74.0,0.5945946,59.45946
75,Title,78,19,9,28.0,0.6785714,67.85714
76,ImageTitle,22,6,30,36.0,0.16666667,16.666668
77,DateTitle,8,0,0,0.0,0,0.0
78,ShortTextTitle,4,1,43,44.0,0.022727273,2.2727273
79,PaintScaleLegend,91,24,68,92.0,0.26086956,26.086956
80,CompositeTitle,26,6,4,10.0,0.6,60.000004
81,LegendItemBlockContainer,26,3,1,4.0,0.75,75.0
82,TextTitle,160,56,94,150.0,0.37333333,37.333332
83,LegendTitle,163,42,20,62.0,0.67741936,67.741936
84,ItemHandler,0,0,8,8.0,0.0,0.0
85,PieDatasetHandler,0,0,8,8.0,0.0,0.0
86,ValueHandler,0,0,8,8.0,0.0,0.0
87,KeyHandler,0,0,6,6.0,0.0,0.0
88,DatasetReader,0,0,0,0.0,0,0.0
89,RootHandler,0,0,8,8.0,0.0,0.0
90,CategoryDatasetHandler,0,0,8,8.0,0.0,0.0
91,CategorySeriesHandler,0,0,8,8.0,0.0,0.0
92,BarChartDemo1,0,0,0,0.0,0,0.0
93,PieChartDemo1,0,0,0,0.0,0,0.0
94,TimeSeriesChartDemo1,0,0,2,2.0,0.0,0.0
95,ChartColor,25,0,0,0.0,0,0.0
96,PaintMap,50,14,0,14.0,1.0,100.0
97,JFreeChart,303,104,66,170.0,0.6117647,61.17647
98,StandardChartTheme,383,123,93,216.0,0.5694444,56.944443
99,ChartTransferable,0,0,12,12.0,0.0,0.0
100,DrawableLegendItem,0,0,0,0.0,0,0.0
101,PolarChartPanel,0,0,24,24.0,0.0,0.0
102,ChartFrame,0,0,2,2.0,0.0,0.0
103,StrokeMap,48,14,0,14.0,1.0,100.0
104,HashUtilities,42,19,23,42.0,0.45238096,45.238094
105,LegendItem,198,44,8,52.0,0.84615386,84.61539
106,LegendItemCollection,19,5,1,6.0,0.8333333,83.33333
107,ChartMouseEvent,0,0,0,0.0,0,0.0
108,ChartRenderingInfo,43,12,4,16.0,0.75,75.0
109,ChartUtilities,0,0,8,8.0,0.0,0.0
110,ChartPanel,328,52,358,410.0,0.12682927,12.682926
111,ChartHints,0,0,0,0.0,0,0.0
112,LegendRenderingOrder,0,0,10,10.0,0.0,0.0
113,MouseWheelHandler,5,0,14,14.0,0.0,0.0
114,ClipPath,0,0,16,16.0,0.0,0.0
115,ChartFactory,335,60,158,218.0,0.27522936,27.522936
116,PinNeedle,6,3,9,12.0,0.25,25.0
117,MiddlePinNeedle,6,4,10,14.0,0.2857143,28.57143
118,ShipNeedle,6,4,8,12.0,0.33333334,33.333336
119,PointerNeedle,6,3,13,16.0,0.1875,18.75
120,ArrowNeedle,12,5,13,18.0,0.2777778,27.777779
121,MeterNeedle,63,20,10,30.0,0.6666667,66.66667
122,PlumNeedle,6,3,7,10.0,0.3,30.000002
123,WindNeedle,6,4,8,12.0,0.33333334,33.333336
124,LineNeedle,5,2,6,8.0,0.25,25.0
125,LongNeedle,7,2,14,16.0,0.125,12.5
126,KeypointPNGEncoderAdapter,0,0,0,0.0,0,0.0
127,SunPNGEncoderAdapter,0,0,0,0.0,0,0.0
128,EncoderUtil,0,0,0,0.0,0,0.0
129,SunJPEGEncoderAdapter,0,0,4,4.0,0.0,0.0
130,ImageEncoderFactory,0,0,2,2.0,0.0,0.0
131,CSV,0,0,20,20.0,0.0,0.0
132,IntervalXYItemLabelGenerator,9,3,29,32.0,0.09375,9.375
133,StandardPieToolTipGenerator,10,0,0,0.0,0,0.0
134,StandardXYToolTipGenerator,16,3,1,4.0,0.75,75.0
135,IntervalCategoryToolTipGenerator,10,3,11,14.0,0.21428572,21.428572
136,StandardCrosshairLabelGenerator,17,8,4,12.0,0.6666667,66.66667
137,IntervalCategoryItemLabelGenerator,6,0,10,10.0,0.0,0.0
138,AbstractXYItemLabelGenerator,65,22,10,32.0,0.6875,68.75
139,BoxAndWhiskerXYToolTipGenerator,8,2,6,8.0,0.25,25.0
140,BubbleXYItemLabelGenerator,31,9,9,18.0,0.5,50.0
141,AbstractPieItemLabelGenerator,53,18,4,22.0,0.8181818,81.818184
142,StandardCategorySeriesLabelGenerator,24,5,1,6.0,0.8333333,83.33333
143,StandardPieSectionLabelGenerator,24,5,1,6.0,0.8333333,83.33333
144,BoxAndWhiskerToolTipGenerator,7,2,4,6.0,0.33333334,33.333336
145,AbstractCategoryItemLabelGenerator,62,15,7,22.0,0.6818182,68.181816
146,MultipleXYSeriesLabelGenerator,36,10,10,20.0,0.5,50.0
147,CustomXYToolTipGenerator,34,14,14,28.0,0.5,50.0
148,SymbolicXYItemLabelGenerator,7,2,10,12.0,0.16666667,16.666668
149,StandardCategoryItemLabelGenerator,12,4,0,4.0,1.0,100.0
150,StandardXYZToolTipGenerator,23,8,8,16.0,0.5,50.0
151,ItemLabelPosition,23,8,4,12.0,0.6666667,66.66667
152,ItemLabelAnchor,68,34,22,56.0,0.60714287,60.714287
153,StandardContourToolTipGenerator,7,3,7,10.0,0.3,30.000002
154,StandardCategoryToolTipGenerator,10,3,1,4.0,0.75,75.0
155,HighLowItemLabelGenerator,27,10,18,28.0,0.35714287,35.714287
156,StandardXYSeriesLabelGenerator,24,5,1,6.0,0.8333333,83.33333
157,StandardXYItemLabelGenerator,15,3,1,4.0,0.75,75.0
158,DateTickUnit,88,43,11,54.0,0.7962963,79.62963
159,TickUnit,26,11,5,16.0,0.6875,68.75
160,AxisLocation,25,11,11,22.0,0.5,50.0
161,ModuloAxis,23,8,38,46.0,0.17391305,17.391304
162,MonthDateFormat,32,13,5,18.0,0.7222222,72.22222
163,NumberAxis,275,101,43,144.0,0.7013889,70.13889
164,CategoryAxis3D,3,0,34,34.0,0.0,0.0
165,ValueTick,16,5,3,8.0,0.625,62.5
166,AxisCollection,19,5,3,8.0,0.625,62.5
167,DateAxis,468,127,87,214.0,0.59345794,59.345795
168,TickUnits,22,5,5,10.0,0.5,50.0
169,NumberTickUnitSource,84,45,17,62.0,0.7258065,72.58065
170,LogAxis,177,45,81,126.0,0.35714287,35.714287
171,CompassFormat,0,0,4,4.0,0.0,0.0
172,SymbolAxis,44,11,93,104.0,0.10576923,10.576923
173,CategoryTick,23,10,2,12.0,0.8333333,83.33333
174,Axis,369,103,61,164.0,0.6280488,62.80488
175,PeriodAxisLabelInfo,65,18,2,20.0,0.9,90.0
176,ExtendedCategoryAxis,34,8,14,22.0,0.36363637,36.363636
177,SubCategoryAxis,71,20,34,54.0,0.37037036,37.037037
178,CategoryAnchor,17,7,5,12.0,0.5833333,58.333332
179,DateTickMarkPosition,19,9,3,12.0,0.75,75.0
180,TickType,16,6,4,10.0,0.6,60.000004
181,MarkerAxisBand,28,13,9,22.0,0.59090906,59.090908
182,NumberTick,6,0,0,0.0,0,0.0
183,CategoryLabelPosition,45,14,2,16.0,0.875,87.5
184,CategoryLabelWidthType,18,8,2,10.0,0.8,80.0
185,ValueAxis,345,119,93,212.0,0.5613208,56.13208
186,CyclicNumberAxis,54,15,191,206.0,0.07281554,7.2815537
187,StandardTickUnitSource,5,1,1,2.0,0.5,50.0
188,NumberTickUnit,24,8,2,10.0,0.8,80.0
189,DateTick,13,4,2,6.0,0.6666667,66.66667
190,AxisSpace,67,22,26,48.0,0.45833334,45.833336
191,SegmentedTimeline,215,86,24,110.0,0.7818182,78.18182
192,LogTick,0,0,0,0.0,0,0.0
193,NumberAxis3D,2,0,16,16.0,0.0,0.0
194,CategoryAxis,379,116,70,186.0,0.6236559,62.365593
195,DateTickUnitType,34,18,2,20.0,0.9,90.0
196,AxisState,19,0,8,8.0,0.0,0.0
197,LogarithmicAxis,66,25,229,254.0,0.098425195,9.84252
198,Tick,26,10,2,12.0,0.8333333,83.33333
199,PeriodAxis,126,24,114,138.0,0.17391305,17.391304
200,QuarterDateFormat,21,6,4,10.0,0.6,60.000004
201,CategoryLabelPositions,44,14,6,20.0,0.7,70.0
202,AxisLabelLocation,17,7,5,12.0,0.5833333,58.333332
203,ColorBar,38,11,45,56.0,0.19642857,19.642857
204,AbstractDataset,31,4,4,8.0,0.5,50.0
205,DatasetGroup,8,3,3,6.0,0.5,50.0
206,Series,62,13,7,20.0,0.65,65.0
207,DefaultPieDataset,40,13,9,22.0,0.59090906,59.090908
208,DefaultHeatMapDataset,51,30,12,42.0,0.71428573,71.42857
209,HeatMapUtilities,0,0,8,8.0,0.0,0.0
210,SubSeriesDataset,0,0,18,18.0,0.0,0.0
211,DatasetUtilities,684,397,155,552.0,0.7192029,71.92029
212,DefaultValueDataset,8,0,6,6.0,0.0,0.0
213,WaferMapDataset,0,0,20,20.0,0.0,0.0
214,AbstractSeriesDataset,9,4,0,4.0,1.0,100.0
215,DatasetChangeEvent,3,0,0,0.0,0,0.0
216,DefaultKeyedValueDataset,31,10,12,22.0,0.45454547,45.454548
217,CombinedDataset,0,0,48,48.0,0.0,0.0
218,OHLCSeries,11,3,1,4.0,0.75,75.0
219,OHLC,28,10,2,12.0,0.8333333,83.33333
220,OHLCSeriesCollection,51,16,10,26.0,0.61538464,61.538464
221,OHLCItem,15,4,4,8.0,0.5,50.0
222,JFreeChartResources,3,0,0,0.0,0,0.0
223,JDBCPieDataset,0,0,13,13.0,0.0,0.0
224,JDBCCategoryDataset,0,0,24,24.0,0.0,0.0
225,JDBCXYDataset,0,0,52,52.0,0.0,0.0
226,DefaultContourDataset,0,0,66,66.0,0.0,0.0
227,NonGridContourDataset,0,0,26,26.0,0.0,0.0
228,DefaultCategoryDataset,47,15,5,20.0,0.75,75.0
229,DefaultIntervalCategoryDataset,147,74,48,122.0,0.60655737,60.65574
230,SlidingCategoryDataset,52,23,7,30.0,0.76666665,76.666664
231,CategoryToPieDataset,61,35,23,58.0,0.6034483,60.344826
232,AbstractOverlay,9,1,3,4.0,0.25,25.0
233,CrosshairOverlay,25,5,141,146.0,0.034246575,3.4246576
234,LookupPaintScale,64,30,4,34.0,0.88235295,88.2353
235,AreaRendererEndType,19,7,5,12.0,0.5833333,58.333332
236,DefaultPolarItemRenderer,94,29,89,118.0,0.2457627,24.576271
237,RendererState,10,4,0,4.0,1.0,100.0
238,Outlier,20,6,16,22.0,0.27272728,27.272728
239,WaferMapRenderer,0,0,56,56.0,0.0,0.0
240,AbstractRenderer,743,243,149,392.0,0.61989796,61.989796
241,OutlierListCollection,8,0,8,8.0,0.0,0.0
242,OutlierList,0,0,4,4.0,0.0,0.0
243,GrayPaintScale,31,13,3,16.0,0.8125,81.25
244,RendererUtilities,97,56,6,62.0,0.9032258,90.32258
245,CloneUtils,10,4,4,8.0,0.5,50.0
246,XYCoordinateType,16,6,6,12.0,0.5,50.0
247,HMSNumberFormat,12,0,0,0.0,0,0.0
248,PaintAlpha,0,0,38,38.0,0.0,0.0
249,TextUtils,0,0,30,30.0,0.0,0.0
250,DefaultShadowGenerator,18,8,22,30.0,0.26666668,26.666668
251,DirectionalGradientPaintTransformer,0,0,20,20.0,0.0,0.0
252,ResourceBundleWrapper,2,1,7,8.0,0.125,12.5
253,LogFormat,28,11,7,18.0,0.6111111,61.11111
254,HexNumberFormat,0,0,4,4.0,0.0,0.0
255,RelativeDateFormat,44,4,36,40.0,0.1,10.0
256,ExportUtils,0,0,8,8.0,0.0,0.0
257,LineUtilities,39,22,18,40.0,0.55,55.0
258,ParamChecks,6,4,0,4.0,1.0,100.0
259,AttrStringUtils,3,0,92,92.0,0.0,0.0
260,StandardEntityCollection,22,4,6,10.0,0.4,40.0
261,TitleEntity,8,0,12,12.0,0.0,0.0
262,ChartEntity,34,8,32,40.0,0.2,20.0
263,XYAnnotationEntity,0,0,8,8.0,0.0,0.0
264,CategoryItemEntity,37,11,5,16.0,0.6875,68.75
265,PlotEntity,4,0,12,12.0,0.0,0.0
266,PieSectionEntity,26,10,2,12.0,0.8333333,83.33333
267,LegendItemEntity,19,8,2,10.0,0.8,80.0
268,CategoryLabelEntity,9,4,2,6.0,0.6666667,66.66667
269,ContourEntity,13,6,2,8.0,0.75,75.0
270,XYItemEntity,18,8,2,10.0,0.8,80.0
271,JFreeChartEntity,8,0,12,12.0,0.0,0.0
272,AxisEntity,8,0,12,12.0,0.0,0.0
273,XYTaskDataset,29,9,15,24.0,0.375,37.5
274,SlidingGanttCategoryDataset,30,12,32,44.0,0.27272728,27.272728
275,TaskSeries,30,10,2,12.0,0.8333333,83.33333
276,Task,43,11,1,12.0,0.9166667,91.66667
277,TaskSeriesCollection,161,49,11,60.0,0.81666666,81.666664
278,DynamicTimeSeriesCollection,0,0,92,92.0,0.0,0.0
279,Year,56,13,5,18.0,0.7222222,72.22222
280,Week,79,18,44,62.0,0.29032257,29.032257
281,Minute,73,10,22,32.0,0.3125,31.25
282,Second,61,10,32,42.0,0.23809524,23.809525
283,Day,81,9,5,14.0,0.64285713,64.28571
284,TimePeriodValue,22,9,11,20.0,0.45,45.0
285,MovingAverage,29,15,39,54.0,0.2777778,27.777779
286,TimeTableXYDataset,48,12,24,36.0,0.33333334,33.333336
287,TimePeriodValuesCollection,68,24,20,44.0,0.54545456,54.545456
288,Millisecond,64,11,23,34.0,0.32352942,32.352943
289,RegularTimePeriod,32,10,10,20.0,0.5,50.0
290,TimePeriodValues,142,44,8,52.0,0.84615386,84.61539
291,TimeSeries,347,148,44,192.0,0.7708333,77.08333
292,SimpleTimePeriod,40,18,4,22.0,0.8181818,81.818184
293,TimePeriodAnchor,18,8,4,12.0,0.6666667,66.66667
294,Hour,80,14,14,28.0,0.5,50.0
295,FixedMillisecond,20,5,11,16.0,0.3125,31.25
296,Month,104,35,17,52.0,0.6730769,67.30769
297,TimeSeriesCollection,161,52,24,76.0,0.68421054,68.42105
298,TimeSeriesTableModel,0,0,32,32.0,0.0,0.0
299,TimeSeriesDataItem,31,10,4,14.0,0.71428573,71.42857
300,DateRange,14,0,0,0.0,0,0.0
301,Quarter,78,18,16,34.0,0.5294118,52.941177
302,MinMaxCategoryRenderer,70,14,22,36.0,0.3888889,38.88889
303,LevelRenderer,89,21,23,44.0,0.47727272,47.727272
304,LayeredBarRenderer,70,20,80,100.0,0.2,20.0
305,StandardBarPainter,8,3,31,34.0,0.0882353,8.823529
306,StatisticalBarRenderer,127,41,63,104.0,0.39423078,39.423077
307,StackedAreaRenderer,18,7,65,72.0,0.097222224,9.722222
308,BarRenderer,249,76,138,214.0,0.35514018,35.51402
309,LineAndShapeRenderer,216,70,46,116.0,0.6034483,60.344826
310,ScatterRenderer,54,15,47,62.0,0.24193548,24.193548
311,StatisticalLineAndShapeRenderer,103,40,36,76.0,0.5263158,52.63158
312,GroupedStackedBarRenderer,91,29,39,68.0,0.42647058,42.647057
313,AreaRenderer,39,11,39,50.0,0.22,22.0
314,CategoryStepRenderer,34,10,32,42.0,0.23809524,23.809525
315,LineRenderer3D,32,8,62,70.0,0.114285715,11.428572
316,CategoryItemRendererState,21,5,5,10.0,0.5,50.0
317,StackedBarRenderer3D,48,23,81,104.0,0.22115384,22.115383
318,AbstractCategoryItemRenderer,287,104,130,234.0,0.44444445,44.444447
319,StackedBarRenderer,24,7,77,84.0,0.083333336,8.333334
320,BoxAndWhiskerRenderer,237,77,73,150.0,0.5133333,51.333332
321,IntervalBarRenderer,44,13,13,26.0,0.5,50.0
322,WaterfallBarRenderer,75,21,41,62.0,0.33870968,33.870968
323,BarRenderer3D,32,8,68,76.0,0.10526316,10.526316
324,GradientBarPainter,115,22,28,50.0,0.44,44.0
325,GanttRenderer,99,25,61,86.0,0.29069766,29.069767
326,WindItemRenderer,3,0,0,0.0,0,0.0
327,StandardXYItemRenderer,181,69,75,144.0,0.47916666,47.916664
328,CyclicXYItemRenderer,0,0,118,118.0,0.0,0.0
329,XYDifferenceRenderer,79,19,205,224.0,0.084821425,8.482142
330,XYBoxAndWhiskerRenderer,124,31,61,92.0,0.33695653,33.695652
331,AbstractXYItemRenderer,277,98,166,264.0,0.37121212,37.121212
332,DeviationRenderer,16,6,32,38.0,0.15789473,15.789473
333,XYAreaRenderer2,107,18,20,38.0,0.47368422,47.368423
334,XYBubbleRenderer,39,12,35,47.0,0.25531915,25.531916
335,XYErrorRenderer,48,14,26,40.0,0.35,35.0
336,GradientXYBarPainter,23,9,41,50.0,0.18,18.0
337,XYItemRendererState,11,0,0,0.0,0,0.0
338,XYDotRenderer,58,16,18,34.0,0.47058824,47.058823
339,XYSplineRenderer,29,10,60,70.0,0.14285715,14.285715
340,XYStepRenderer,61,28,18,46.0,0.6086956,60.869564
341,XYShapeRenderer,48,15,45,60.0,0.25,25.0
342,VectorRenderer,11,4,44,48.0,0.083333336,8.333334
343,XYAreaRenderer,171,52,42,94.0,0.5531915,55.31915
344,ClusteredXYBarRenderer,33,13,53,66.0,0.1969697,19.69697
345,XYBlockRenderer,58,24,28,52.0,0.46153846,46.153847
346,YIntervalRenderer,14,4,14,18.0,0.22222222,22.222223
347,XYLine3DRenderer,31,8,14,22.0,0.36363637,36.363636
348,CandlestickRenderer,96,28,64,92.0,0.3043478,30.434782
349,XYStepAreaRenderer,131,50,46,96.0,0.5208333,52.083332
350,HighLowRenderer,47,15,53,68.0,0.22058824,22.058825
351,SamplingXYLineRenderer,0,0,28,28.0,0.0,0.0
352,StackedXYAreaRenderer2,37,14,52,66.0,0.21212122,21.212122
353,StackedXYAreaRenderer,113,39,47,86.0,0.45348838,45.34884
354,StackedXYBarRenderer,25,8,78,86.0,0.093023255,9.302325
355,XYBarRenderer,131,37,169,206.0,0.17961165,17.961164
356,XYLineAndShapeRenderer,254,86,62,148.0,0.5810811,58.10811
357,StandardXYBarPainter,8,3,31,34.0,0.0882353,8.823529
358,KeyedObject,21,8,2,10.0,0.8,80.0
359,DataUtilities,64,36,12,48.0,0.75,75.0
360,DefaultKeyedValues2D,123,54,14,68.0,0.7941176,79.411766
361,DefaultKeyedValues,107,34,10,44.0,0.77272725,77.27273
362,Range,93,64,8,72.0,0.8888889,88.88889
363,RangeType,18,7,5,12.0,0.5833333,58.333332
364,DomainOrder,18,7,5,12.0,0.5833333,58.333332
365,KeyedValueComparator,36,21,7,28.0,0.75,75.0
366,KeyedObjects2D,135,58,12,70.0,0.82857144,82.85715
367,DefaultKeyedValue,19,7,9,16.0,0.4375,43.75
368,KeyedObjects,68,24,20,44.0,0.54545456,54.545456
369,ComparableObjectSeries,95,49,11,60.0,0.81666666,81.666664
370,ComparableObjectItem,22,9,3,12.0,0.75,75.0
371,KeyToGroupMap,79,33,9,42.0,0.78571427,78.57143
372,KeyedValueComparatorType,5,0,6,6.0,0.0,0.0
373,LineFunction2D,17,4,2,6.0,0.6666667,66.66667
374,NormalDistributionFunction2D,19,5,3,8.0,0.625,62.5
375,PowerFunction2D,16,4,2,6.0,0.6666667,66.66667
376,PolynomialFunction2D,10,1,3,4.0,0.25,25.0
377,DefaultTableXYDataset,142,53,21,74.0,0.7162162,71.62162
378,VectorSeries,16,0,0,0.0,0,0.0
379,XYBarDataset,27,6,8,14.0,0.42857143,42.857143
380,XYDatasetTableModel,0,0,14,14.0,0.0,0.0
381,XYInterval,26,12,2,14.0,0.85714287,85.71429
382,DefaultHighLowDataset,33,18,12,30.0,0.6,60.000004
383,XYIntervalDataItem,18,5,5,10.0,0.5,50.0
384,DefaultWindDataset,42,18,12,30.0,0.6,60.000004
385,CategoryTableXYDataset,44,6,6,12.0,0.5,50.0
386,Vector,19,6,2,8.0,0.75,75.0
387,DefaultOHLCDataset,34,8,10,18.0,0.44444445,44.444447
388,YIntervalSeries,17,0,0,0.0,0,0.0
389,MatrixSeriesCollection,19,4,18,22.0,0.18181819,18.181818
390,XYDataItem,41,13,5,18.0,0.7222222,72.22222
391,XYIntervalSeries,21,0,0,0.0,0,0.0
392,DefaultXYDataset,59,24,10,34.0,0.7058824,70.588234
393,AbstractXYDataset,12,3,1,4.0,0.75,75.0
394,AbstractXYZDataset,1,0,2,2.0,0.0,0.0
395,DefaultXYZDataset,64,26,12,38.0,0.68421054,68.42105
396,VectorSeriesCollection,27,7,5,12.0,0.5833333,58.333332
397,DefaultIntervalXYDataset,92,33,15,48.0,0.6875,68.75
398,XYCoordinate,20,7,11,18.0,0.3888889,38.88889
399,XIntervalDataItem,12,3,3,6.0,0.5,50.0
400,XIntervalSeries,17,0,0,0.0,0,0.0
401,MatrixSeries,35,16,2,18.0,0.8888889,88.88889
402,IntervalXYDelegate,83,31,11,42.0,0.7380952,73.809525
403,XIntervalSeriesCollection,27,9,7,16.0,0.5625,56.25
404,VectorDataItem,7,1,3,4.0,0.25,25.0
405,YWithXInterval,18,8,2,10.0,0.8,80.0
406,YInterval,18,8,2,10.0,0.8,80.0
407,XYIntervalSeriesCollection,44,11,7,18.0,0.6111111,61.11111
408,YIntervalSeriesCollection,38,10,6,16.0,0.625,62.5
409,OHLCDataItem,25,9,7,16.0,0.5625,56.25
410,NormalizedMatrixSeries,0,0,0,0.0,0,0.0
411,YIntervalDataItem,12,3,3,6.0,0.5,50.0
412,XYSeriesCollection,162,70,20,90.0,0.7777778,77.77778
413,AbstractIntervalXYDataset,21,6,2,8.0,0.75,75.0
414,XYSeries,230,101,23,124.0,0.8145161,81.451614
415,HistogramType,14,5,9,14.0,0.35714287,35.714287
416,DefaultMultiValueCategoryDataset,70,26,22,48.0,0.5416667,54.166668
417,BoxAndWhiskerCalculator,61,22,12,34.0,0.64705884,64.70589
418,DefaultBoxAndWhiskerXYDataset,95,24,18,42.0,0.5714286,57.14286
419,MeanAndStandardDeviation,25,9,3,12.0,0.75,75.0
420,Statistics,98,43,25,68.0,0.63235295,63.235294
421,SimpleHistogramBin,54,39,11,50.0,0.78,78.0
422,DefaultStatisticalCategoryDataset,167,91,21,112.0,0.8125,81.25
423,DefaultBoxAndWhiskerCategoryDataset,170,54,36,90.0,0.6,60.000004
424,HistogramBin,20,10,10,20.0,0.5,50.0
425,SimpleHistogramDataset,52,17,13,30.0,0.56666666,56.666668
426,HistogramDataset,86,33,13,46.0,0.7173913,71.73913
427,BoxAndWhiskerItem,38,14,10,24.0,0.5833333,58.333332
428,Regression,92,12,50,62.0,0.19354838,19.354837
429,RectangleConstraint,56,16,12,28.0,0.5714286,57.14286
430,ColorBlock,19,5,1,6.0,0.8333333,83.33333
431,BorderArrangement,126,62,64,126.0,0.4920635,49.20635
432,EmptyBlock,8,0,0,0.0,0,0.0
433,LengthConstraintType,6,0,12,12.0,0.0,0.0
434,GridArrangement,126,59,15,74.0,0.7972973,79.72973
435,LabelBlock,63,17,11,28.0,0.60714287,60.714287
436,BlockBorder,41,10,6,16.0,0.625,62.5
437,ColumnArrangement,23,12,50,62.0,0.19354838,19.354837
438,BlockParams,8,0,0,0.0,0,0.0
439,FlowArrangement,85,34,30,64.0,0.53125,53.125
440,LineBorder,65,16,6,22.0,0.72727275,72.72727
441,BlockContainer,62,19,3,22.0,0.8636364,86.36364
442,AbstractBlock,121,27,9,36.0,0.75,75.0
443,CenterArrangement,13,2,34,36.0,0.055555556,5.555556
444,BlockResult,6,0,0,0.0,0,0.0
445,StandardDialRange,54,13,11,24.0,0.5416667,54.166668
446,StandardDialScale,142,41,29,70.0,0.5857143,58.571426
447,StandardDialFrame,53,12,2,14.0,0.85714287,85.71429
448,DialValueIndicator,116,29,11,40.0,0.725,72.5
449,DialPointer,15,5,3,8.0,0.625,62.5
450,DialBackground,36,8,2,10.0,0.8,80.0
451,DialPlot,105,29,53,82.0,0.35365853,35.365852
452,DialLayerChangeEvent,3,0,0,0.0,0,0.0
453,ArcDialFrame,80,19,3,22.0,0.8636364,86.36364
454,DialTextAnnotation,60,14,4,18.0,0.7777778,77.77778
455,DialCap,51,12,2,14.0,0.85714287,85.71429
456,AbstractDialLayer,25,7,3,10.0,0.7,70.0
457,ServletUtilities,0,0,34,34.0,0.0,0.0
458,ChartDeleter,0,0,4,4.0,0.0,0.0
459,DisplayChart,0,0,20,20.0,0.0,0.0
460,DataPackageResources_fr,0,0,0,0.0,0,0.0
461,DataPackageResources_es,0,0,0,0.0,0,0.0
462,DataPackageResources_de,0,0,0,0.0,0,0.0
463,DataPackageResources,3,0,0,0.0,0,0.0
464,DataPackageResources_ru,0,0,0,0.0,0,0.0
465,DataPackageResources_pl,0,0,0,0.0,0,0.0
466,XYDataImageAnnotation,0,0,26,26.0,0.0,0.0
467,XYTitleAnnotation,73,21,23,44.0,0.47727272,47.727272
468,CategoryLineAnnotation,75,14,6,20.0,0.7,70.0
469,XYDrawableAnnotation,37,14,8,22.0,0.6363636,63.636364
470,XYBoxAnnotation,24,13,17,30.0,0.43333334,43.333332
471,CategoryPointerAnnotation,83,20,4,24.0,0.8333333,83.33333
472,XYTextAnnotation,141,32,6,38.0,0.84210527,84.210526
473,CategoryTextAnnotation,39,10,6,16.0,0.625,62.5
474,XYPointerAnnotation,81,18,12,30.0,0.6,60.000004
475,XYPolygonAnnotation,39,13,21,34.0,0.38235295,38.235294
476,XYImageAnnotation,22,8,14,22.0,0.36363637,36.363636
477,XYLineAnnotation,44,14,14,28.0,0.5,50.0
478,TextAnnotation,74,14,2,16.0,0.875,87.5
479,XYShapeAnnotation,40,12,14,26.0,0.46153846,46.153847
480,AbstractXYAnnotation,12,4,12,16.0,0.25,25.0
481,AbstractAnnotation,24,4,4,8.0,0.5,50.0
482,ChartChangeEventType,6,0,12,12.0,0.0,0.0
483,PlotChangeEvent,3,0,0,0.0,0,0.0
484,MarkerChangeEvent,4,0,0,0.0,0,0.0
485,TitleChangeEvent,3,0,0,0.0,0,0.0
486,AnnotationChangeEvent,4,0,0,0.0,0,0.0
487,AxisChangeEvent,4,0,0,0.0,0,0.0
488,ChartChangeEvent,10,0,0,0.0,0,0.0
489,RendererChangeEvent,8,0,0,0.0,0,0.0
490,ChartProgressEvent,5,0,0,0.0,0,0.0
