GROUP,PACKAGE,CLASS,INSTRUCTION_MISSED,INSTRUCTION_COVERED,BRANCH_MISSED,BRANCH_COVERED,LINE_MISSED,LINE_COVERED,COMPLEXITY_MISSED,COMPLEXITY_COVERED,METHOD_MISSED,METHOD_COVERED
Commons Math,org.apache.commons.math3.optim.nonlinear.scalar.gradient,NonLinearConjugateGradientOptimizer.IdentityPreconditioner,0,7,0,0,0,2,0,2,0,2
Commons Math,org.apache.commons.math3.optim.nonlinear.scalar.gradient,NonLinearConjugateGradientOptimizer.Formula,0,24,0,0,0,3,0,1,0,1
Commons Math,org.apache.commons.math3.optim.nonlinear.scalar.gradient,NonLinearConjugateGradientOptimizer,22,376,8,33,6,76,8,21,0,8
Commons Math,org.apache.commons.math3.optim.nonlinear.scalar.gradient,NonLinearConjugateGradientOptimizer.BracketingStep,9,0,0,0,4,0,2,0,2,0
Commons Math,org.apache.commons.math3.optim.nonlinear.scalar.gradient,NonLinearConjugateGradientOptimizer.LineSearchFunction,0,69,0,4,0,12,0,4,0,2
Commons Math,org.apache.commons.math3.optimization.univariate,SimpleUnivariateValueChecker,6,67,2,8,3,16,3,6,1,3
Commons Math,org.apache.commons.math3.optimization.univariate,BaseAbstractUnivariateOptimizer,8,94,2,2,2,27,2,11,0,11
Commons Math,org.apache.commons.math3.optimization.univariate,UnivariatePointValuePair,0,15,0,0,0,6,0,3,0,3
Commons Math,org.apache.commons.math3.optimization.univariate,BracketFinder,80,324,16,30,17,76,17,18,5,7
Commons Math,org.apache.commons.math3.optimization.univariate,BrentOptimizer,23,470,5,69,6,117,5,37,0,5
Commons Math,org.apache.commons.math3.optimization.univariate,UnivariateMultiStartOptimizer,24,134,4,10,5,28,6,9,2,6
Commons Math,org.apache.commons.math3.optimization.univariate,UnivariateMultiStartOptimizer.new Comparator() {...},6,33,3,5,1,8,3,3,0,2
Commons Math,org.apache.commons.math3.stat.regression,RegressionResults,173,314,28,30,34,54,28,18,4,13
Commons Math,org.apache.commons.math3.stat.regression,GLSMultipleLinearRegression,21,95,0,2,3,21,1,7,1,6
Commons Math,org.apache.commons.math3.stat.regression,OLSMultipleLinearRegression,0,212,0,12,0,39,0,17,0,11
Commons Math,org.apache.commons.math3.stat.regression,MillerUpdatingRegression,514,2528,66,208,83,429,57,104,2,22
Commons Math,org.apache.commons.math3.stat.regression,SimpleRegression,413,1005,46,74,55,152,36,55,4,27
Commons Math,org.apache.commons.math3.stat.regression,AbstractMultipleLinearRegression,38,392,6,42,6,78,7,37,1,19
Commons Math,org.apache.commons.math3.stat.regression,ModelSpecificationException,0,5,0,0,0,2,0,1,0,1
Commons Math,org.apache.commons.math3.geometry.euclidean.oned,OrientedPoint,15,48,2,4,4,10,4,8,3,6
Commons Math,org.apache.commons.math3.geometry.euclidean.oned,Vector1DFormat,92,0,4,0,23,0,11,0,9,0
Commons Math,org.apache.commons.math3.geometry.euclidean.oned,Euclidean1D.LazyHolder,6,0,0,0,1,0,1,0,1,0
Commons Math,org.apache.commons.math3.geometry.euclidean.oned,Vector1D,311,35,16,0,64,9,39,3,31,3
Commons Math,org.apache.commons.math3.geometry.euclidean.oned,Euclidean1D,18,0,0,0,4,0,4,0,4,0
Commons Math,org.apache.commons.math3.geometry.euclidean.oned,IntervalsSet,32,348,9,37,5,66,8,26,1,10
Commons Math,org.apache.commons.math3.geometry.euclidean.oned,SubOrientedPoint,2,55,0,6,1,9,1,7,1,4
Commons Math,org.apache.commons.math3.geometry.euclidean.oned,Interval,12,63,0,8,4,13,4,10,4,6
Commons Math,org.apache.commons.math3.optimization.linear,Relationship,3,56,0,3,1,11,1,5,1,3
Commons Math,org.apache.commons.math3.optimization.linear,AbstractLinearOptimizer,7,58,1,1,1,19,1,10,0,10
Commons Math,org.apache.commons.math3.optimization.linear,LinearConstraint,74,73,7,5,18,21,9,8,3,8
Commons Math,org.apache.commons.math3.optimization.linear,SimplexSolver,0,342,0,54,0,82,0,34,0,7
Commons Math,org.apache.commons.math3.optimization.linear,LinearObjectiveFunction,22,73,4,4,4,19,6,8,2,8
Commons Math,org.apache.commons.math3.optimization.linear,UnboundedSolutionException,0,6,0,0,0,2,0,1,0,1
Commons Math,org.apache.commons.math3.optimization.linear,SimplexTableau,49,1008,11,117,10,179,14,82,3,29
Commons Math,org.apache.commons.math3.optimization.linear,NoFeasibleSolutionException,0,6,0,0,0,2,0,1,0,1
Commons Math,org.apache.commons.math3.util,OpenIntToDoubleHashMap,0,682,0,68,0,157,0,58,0,24
Commons Math,org.apache.commons.math3.util,FastMath.CodyWaite,0,92,0,2,0,24,0,5,0,4
Commons Math,org.apache.commons.math3.util,DefaultTransformer,2,45,0,6,1,12,1,6,1,3
Commons Math,org.apache.commons.math3.util,FastMath.lnMant,0,3,0,0,0,2,0,1,0,1
Commons Math,org.apache.commons.math3.util,Decimal64,58,613,2,12,11,86,11,67,9,62
Commons Math,org.apache.commons.math3.util,ResizableDoubleArray,48,994,10,77,11,223,14,79,4,45
Commons Math,org.apache.commons.math3.util,FastMath,438,7776,90,682,81,1380,67,394,2,70
Commons Math,org.apache.commons.math3.util,BigReal,13,400,0,4,6,76,4,33,4,31
Commons Math,org.apache.commons.math3.util,Decimal64Field,0,13,0,0,0,5,0,5,0,5
Commons Math,org.apache.commons.math3.util,MultidimensionalCounter.Iterator,11,95,1,7,3,16,4,7,3,4
Commons Math,org.apache.commons.math3.util,MathUtils,40,175,22,40,4,35,16,27,0,12
Commons Math,org.apache.commons.math3.util,Precision,49,514,20,83,3,103,15,62,3,19
Commons Math,org.apache.commons.math3.util,IterationEvent,0,10,0,0,0,4,0,2,0,2
Commons Math,org.apache.commons.math3.util,FastMath.ExpIntTable,0,5,0,0,0,3,0,1,0,1
Commons Math,org.apache.commons.math3.util,FastMathCalc,1923,0,62,0,275,0,48,0,17,0
Commons Math,org.apache.commons.math3.util,MathArrays,287,1839,56,166,59,333,33,118,3,36
Commons Math,org.apache.commons.math3.util,MathArrays.new Comparator() {...},13,23,2,1,3,5,2,2,0,2
Commons Math,org.apache.commons.math3.util,OpenIntToDoubleHashMap.Iterator,17,96,4,12,5,23,4,9,0,5
Commons Math,org.apache.commons.math3.util,CompositeFormat,0,214,1,27,0,56,1,21,0,8
Commons Math,org.apache.commons.math3.util,OpenIntToFieldHashMap.Iterator,17,96,4,12,5,23,4,9,0,5
Commons Math,org.apache.commons.math3.util,FastMathLiteralArrays,0,33548,0,0,0,10,0,6,0,6
Commons Math,org.apache.commons.math3.util,Incrementor.new Incrementor.MaxCountExceededCallback() {...},0,9,0,0,0,2,0,2,0,2
Commons Math,org.apache.commons.math3.util,MultidimensionalCounter,30,229,2,22,4,45,2,18,1,7
Commons Math,org.apache.commons.math3.util,ResizableDoubleArray.ExpansionMode,0,24,0,0,0,3,0,1,0,1
Commons Math,org.apache.commons.math3.util,ContinuedFraction,56,103,7,9,11,31,9,4,2,3
Commons Math,org.apache.commons.math3.util,Incrementor,9,69,1,7,2,22,1,13,0,10
Commons Math,org.apache.commons.math3.util,MathArrays.OrderDirection,0,24,0,0,0,3,0,1,0,1
Commons Math,org.apache.commons.math3.util,ArithmeticUtils,26,1640,8,244,4,324,8,147,0,29
Commons Math,org.apache.commons.math3.util,FastMath.ExpFracTable,0,5,0,0,0,3,0,1,0,1
Commons Math,org.apache.commons.math3.util,IterationManager,25,96,0,8,7,27,3,13,3,9
Commons Math,org.apache.commons.math3.util,BigRealField,2,8,0,0,1,4,1,4,1,4
Commons Math,org.apache.commons.math3.util,OpenIntToFieldHashMap,12,694,0,68,5,155,2,57,2,23
Commons Math,org.apache.commons.math3.util,TransformerMap,36,134,8,12,10,31,8,14,1,11
Commons Math,org.apache.commons.math3.util,Pair,13,88,5,15,3,19,6,12,1,7
Commons Math,org.apache.commons.math3.util,BigRealField.LazyHolder,0,6,0,0,0,1,0,1,0,1
Commons Math,org.apache.commons.math3.exception.util,DummyLocalizable,15,0,0,0,6,0,4,0,4,0
Commons Math,org.apache.commons.math3.exception.util,ArgUtils,0,55,1,7,0,8,1,4,0,1
Commons Math,org.apache.commons.math3.exception.util,LocalizedFormats,1,3491,1,1,1,325,1,4,0,4
Commons Math,org.apache.commons.math3.exception.util,ExceptionContext,3,344,0,20,1,79,1,27,1,17
Commons Math,org.apache.commons.math3.analysis.integration.gauss,LegendreHighPrecisionRuleFactory,0,514,0,24,0,98,0,15,0,3
Commons Math,org.apache.commons.math3.analysis.integration.gauss,BaseRuleFactory,19,136,2,8,4,28,2,8,0,5
Commons Math,org.apache.commons.math3.analysis.integration.gauss,GaussIntegratorFactory,0,104,0,2,0,16,0,8,0,7
Commons Math,org.apache.commons.math3.analysis.integration.gauss,LegendreRuleFactory,0,321,0,24,0,61,0,14,0,2
Commons Math,org.apache.commons.math3.analysis.integration.gauss,GaussIntegrator,8,82,1,3,1,19,1,5,0,4
Commons Math,org.apache.commons.math3.ml.clustering,MultiKMeansPlusPlusClusterer,6,85,2,8,2,22,4,5,2,2
Commons Math,org.apache.commons.math3.ml.clustering,KMeansPlusPlusClusterer.EmptyClusterStrategy,0,44,0,0,0,5,0,1,0,1
Commons Math,org.apache.commons.math3.ml.clustering,DoublePoint,6,47,1,3,2,12,2,6,1,5
Commons Math,org.apache.commons.math3.ml.clustering,CentroidCluster,0,9,0,0,0,4,0,2,0,2
Commons Math,org.apache.commons.math3.ml.clustering,DBSCANClusterer.PointStatus,0,24,0,0,0,3,0,1,0,1
Commons Math,org.apache.commons.math3.ml.clustering,Clusterer,0,17,0,0,0,5,0,3,0,3
Commons Math,org.apache.commons.math3.ml.clustering,DBSCANClusterer,0,219,0,28,0,55,0,22,0,8
Commons Math,org.apache.commons.math3.ml.clustering,Cluster,0,17,0,0,0,6,0,3,0,3
Commons Math,org.apache.commons.math3.ml.clustering,KMeansPlusPlusClusterer,252,454,38,50,65,104,31,31,8,9
Commons Math,org.apache.commons.math3.stat.descriptive.moment,Kurtosis,6,245,3,13,3,49,4,14,1,9
Commons Math,org.apache.commons.math3.stat.descriptive.moment,FourthMoment,6,107,0,2,3,26,1,7,1,6
Commons Math,org.apache.commons.math3.stat.descriptive.moment,StandardDeviation,41,96,0,0,9,28,5,12,5,12
Commons Math,org.apache.commons.math3.stat.descriptive.moment,VectorialCovariance,60,214,9,19,13,39,9,12,1,6
Commons Math,org.apache.commons.math3.stat.descriptive.moment,ThirdMoment,0,109,0,2,0,29,0,8,0,7
Commons Math,org.apache.commons.math3.stat.descriptive.moment,SemiVariance.Direction,0,37,0,0,0,7,0,3,0,3
Commons Math,org.apache.commons.math3.stat.descriptive.moment,FirstMoment,6,106,0,2,3,32,1,8,1,7
Commons Math,org.apache.commons.math3.stat.descriptive.moment,SecondMoment,8,67,0,2,3,20,1,7,1,6
Commons Math,org.apache.commons.math3.stat.descriptive.moment,GeometricMean,22,91,1,3,6,29,3,12,2,11
Commons Math,org.apache.commons.math3.stat.descriptive.moment,VectorialMean,22,103,4,12,7,20,5,9,1,5
Commons Math,org.apache.commons.math3.stat.descriptive.moment,Mean,8,181,3,9,4,43,4,14,1,11
Commons Math,org.apache.commons.math3.stat.descriptive.moment,SemiVariance,91,142,0,12,23,32,9,14,9,8
Commons Math,org.apache.commons.math3.stat.descriptive.moment,Skewness,9,237,2,14,3,52,3,15,1,9
Commons Math,org.apache.commons.math3.stat.descriptive.moment,Variance,53,435,14,32,10,101,17,27,3,18
Commons Math,org.apache.commons.math3.analysis.function,Atan,7,6,0,0,2,2,2,2,2,2
Commons Math,org.apache.commons.math3.analysis.function,Atanh,13,0,0,0,4,0,4,0,4,0
Commons Math,org.apache.commons.math3.analysis.function,Cosh,4,9,0,0,1,3,1,3,1,3
Commons Math,org.apache.commons.math3.analysis.function,Atan2,7,0,0,0,2,0,2,0,2,0
Commons Math,org.apache.commons.math3.analysis.function,Divide,0,7,0,0,0,2,0,2,0,2
Commons Math,org.apache.commons.math3.analysis.function,Tan,7,6,0,0,2,2,2,2,2,2
Commons Math,org.apache.commons.math3.analysis.function,Floor,0,6,0,0,0,2,0,2,0,2
Commons Math,org.apache.commons.math3.analysis.function,Expm1,7,6,0,0,2,2,2,2,2,2
Commons Math,org.apache.commons.math3.analysis.function,Logit.Parametric,30,33,0,4,4,8,1,5,1,3
Commons Math,org.apache.commons.math3.analysis.function,Abs,0,6,0,0,0,2,0,2,0,2
Commons Math,org.apache.commons.math3.analysis.function,Constant,5,19,0,0,1,5,1,3,1,3
Commons Math,org.apache.commons.math3.analysis.function,Ceil,0,6,0,0,0,2,0,2,0,2
Commons Math,org.apache.commons.math3.analysis.function,Add,0,7,0,0,0,2,0,2,0,2
Commons Math,org.apache.commons.math3.analysis.function,Logit,9,168,0,16,3,27,2,12,2,4
Commons Math,org.apache.commons.math3.analysis.function,Logistic,4,94,0,2,1,13,1,5,1,4
Commons Math,org.apache.commons.math3.analysis.function,Acos,7,6,0,0,2,2,2,2,2,2
Commons Math,org.apache.commons.math3.analysis.function,Sigmoid.Parametric,0,57,0,4,0,11,0,6,0,4
Commons Math,org.apache.commons.math3.analysis.function,Max,0,7,0,0,0,2,0,2,0,2
Commons Math,org.apache.commons.math3.analysis.function,Rint,0,6,0,0,0,2,0,2,0,2
Commons Math,org.apache.commons.math3.analysis.function,Asinh,13,0,0,0,4,0,4,0,4,0
Commons Math,org.apache.commons.math3.analysis.function,HarmonicOscillator,4,98,0,4,1,17,1,6,1,4
Commons Math,org.apache.commons.math3.analysis.function,Acosh,13,0,0,0,4,0,4,0,4,0
Commons Math,org.apache.commons.math3.analysis.function,Gaussian,4,207,0,14,1,37,1,13,1,6
Commons Math,org.apache.commons.math3.analysis.function,StepFunction,0,78,0,14,0,19,0,9,0,2
Commons Math,org.apache.commons.math3.analysis.function,Min,0,7,0,0,0,2,0,2,0,2
Commons Math,org.apache.commons.math3.analysis.function,Sigmoid,4,161,0,8,1,28,1,9,1,5
Commons Math,org.apache.commons.math3.analysis.function,HarmonicOscillator.Parametric,0,88,0,4,0,17,0,6,0,4
Commons Math,org.apache.commons.math3.analysis.function,Power,4,16,0,0,1,5,1,3,1,3
Commons Math,org.apache.commons.math3.analysis.function,Identity,5,7,0,0,1,3,1,3,1,3
Commons Math,org.apache.commons.math3.analysis.function,Signum,0,6,0,0,0,2,0,2,0,2
Commons Math,org.apache.commons.math3.analysis.function,Multiply,0,7,0,0,0,2,0,2,0,2
Commons Math,org.apache.commons.math3.analysis.function,Minus,5,9,0,0,1,3,1,3,1,3
Commons Math,org.apache.commons.math3.analysis.function,Sin,0,13,0,0,0,4,0,4,0,4
Commons Math,org.apache.commons.math3.analysis.function,Log10,7,6,0,0,2,2,2,2,2,2
Commons Math,org.apache.commons.math3.analysis.function,Asin,7,6,0,0,2,2,2,2,2,2
Commons Math,org.apache.commons.math3.analysis.function,Logistic.Parametric,27,156,0,6,2,25,1,6,1,3
Commons Math,org.apache.commons.math3.analysis.function,Sqrt,4,9,0,0,1,3,1,3,1,3
Commons Math,org.apache.commons.math3.analysis.function,Ulp,0,6,0,0,0,2,0,2,0,2
Commons Math,org.apache.commons.math3.analysis.function,Tanh,7,6,0,0,2,2,2,2,2,2
Commons Math,org.apache.commons.math3.analysis.function,Log1p,7,6,0,0,2,2,2,2,2,2
Commons Math,org.apache.commons.math3.analysis.function,Subtract,7,0,0,0,2,0,2,0,2,0
Commons Math,org.apache.commons.math3.analysis.function,Exp,7,6,0,0,2,2,2,2,2,2
Commons Math,org.apache.commons.math3.analysis.function,Gaussian.Parametric,0,124,0,6,0,21,0,7,0,4
Commons Math,org.apache.commons.math3.analysis.function,Cos,4,9,0,0,1,3,1,3,1,3
Commons Math,org.apache.commons.math3.analysis.function,Log,4,9,0,0,1,3,1,3,1,3
Commons Math,org.apache.commons.math3.analysis.function,Sinc,6,353,2,24,1,50,3,15,1,4
Commons Math,org.apache.commons.math3.analysis.function,Sinh,7,6,0,0,2,2,2,2,2,2
Commons Math,org.apache.commons.math3.analysis.function,Pow,0,7,0,0,0,2,0,2,0,2
Commons Math,org.apache.commons.math3.analysis.function,Inverse,4,10,0,0,1,3,1,3,1,3
Commons Math,org.apache.commons.math3.analysis.function,Cbrt,7,6,0,0,2,2,2,2,2,2
Commons Math,org.apache.commons.math3.dfp,DfpField,46,743,8,38,12,155,19,44,11,29
Commons Math,org.apache.commons.math3.dfp,Dfp,378,5222,84,694,87,1011,85,424,5,108
Commons Math,org.apache.commons.math3.dfp,DfpDec,125,563,12,100,25,109,22,56,10,9
Commons Math,org.apache.commons.math3.dfp,DfpField.RoundingMode,0,84,0,0,0,9,0,1,0,1
Commons Math,org.apache.commons.math3.dfp,DfpMath,180,1693,41,153,34,341,30,87,1,19
Commons Math,org.apache.commons.math3.dfp,BracketingNthOrderBrentSolverDFP,66,543,7,59,13,116,9,36,3,7
Commons Math,org.apache.commons.math3.stat.descriptive.rank,Percentile,64,488,8,60,16,111,10,41,3,14
Commons Math,org.apache.commons.math3.stat.descriptive.rank,Median,4,4,0,0,2,2,1,1,1,1
Commons Math,org.apache.commons.math3.stat.descriptive.rank,Min,6,107,0,12,3,29,1,14,1,8
Commons Math,org.apache.commons.math3.stat.descriptive.rank,Max,6,107,0,12,3,29,1,14,1,8
Commons Math,org.apache.commons.math3.ode,MultistepIntegrator.InitializationCompletedMarkerException,0,5,0,0,0,2,0,1,0,1
Commons Math,org.apache.commons.math3.ode,ExpandableStatefulODE.SecondaryComponent,0,24,0,0,0,7,0,1,0,1
Commons Math,org.apache.commons.math3.ode,ExpandableStatefulODE,57,289,4,14,7,58,6,20,2,15
Commons Math,org.apache.commons.math3.ode,JacobianMatrices,44,358,9,25,9,69,9,19,0,11
Commons Math,org.apache.commons.math3.ode,UnknownParameterException,12,0,0,0,4,0,2,0,2,0
Commons Math,org.apache.commons.math3.ode,MultistepIntegrator.NordsieckInitializer,54,220,2,8,6,36,2,6,0,3
Commons Math,org.apache.commons.math3.ode,AbstractIntegrator,25,572,3,57,5,130,5,49,2,22
Commons Math,org.apache.commons.math3.ode,JacobianMatrices.MismatchedEquations,6,0,0,0,2,0,1,0,1,0
Commons Math,org.apache.commons.math3.ode,ContinuousOutputModel,13,529,3,45,2,109,4,31,1,10
Commons Math,org.apache.commons.math3.ode,FirstOrderConverter,0,75,0,0,0,14,0,3,0,3
Commons Math,org.apache.commons.math3.ode,ParameterConfiguration,0,19,0,0,0,8,0,4,0,4
Commons Math,org.apache.commons.math3.ode,AbstractParameterizable,23,52,2,6,7,11,4,5,2,3
Commons Math,org.apache.commons.math3.ode,ParameterizedWrapper,35,0,2,0,12,0,8,0,7,0
Commons Math,org.apache.commons.math3.ode,MultistepIntegrator,49,139,2,2,11,32,7,7,5,7
Commons Math,org.apache.commons.math3.ode,AbstractIntegrator.new Comparator() {...},0,18,0,0,0,2,0,2,0,2
Commons Math,org.apache.commons.math3.ode,JacobianMatrices.JacobiansSecondaryEquations,9,252,5,21,1,39,5,11,0,3
Commons Math,org.apache.commons.math3.ode,MultistepIntegrator.new FirstOrderDifferentialEquations() {...},19,0,0,0,4,0,3,0,3,0
Commons Math,org.apache.commons.math3.ode,JacobianMatrices.MainStateJacobianWrapper,8,90,1,5,1,18,1,6,0,4
Commons Math,org.apache.commons.math3.ode,EquationsMapper,16,43,2,2,2,12,2,5,0,5
Commons Math,org.apache.commons.math3.ode,ParameterJacobianWrapper,9,113,2,6,2,22,3,5,1,3
Commons Math,org.apache.commons.math3.transform,FastFourierTransformer.MultiDimensionalComplexMatrix,46,258,8,22,8,53,6,16,0,7
Commons Math,org.apache.commons.math3.transform,FastFourierTransformer,30,1379,9,54,4,169,9,33,0,10
Commons Math,org.apache.commons.math3.transform,TransformUtils,35,254,4,10,7,24,4,9,1,5
Commons Math,org.apache.commons.math3.transform,FastCosineTransformer,0,303,0,14,0,44,0,11,0,4
Commons Math,org.apache.commons.math3.transform,DstNormalization,0,24,0,0,0,3,0,1,0,1
Commons Math,org.apache.commons.math3.transform,TransformType,0,24,0,0,0,3,0,1,0,1
Commons Math,org.apache.commons.math3.transform,DctNormalization,0,24,0,0,0,3,0,1,0,1
Commons Math,org.apache.commons.math3.transform,DftNormalization,0,24,0,0,0,3,0,1,0,1
Commons Math,org.apache.commons.math3.transform,FastHadamardTransformer,21,208,1,17,3,39,2,13,1,5
Commons Math,org.apache.commons.math3.transform,FastSineTransformer,0,247,0,14,0,40,0,11,0,4
Commons Math,org.apache.commons.math3.analysis.interpolation,UnivariatePeriodicInterpolator.new UnivariateFunction() {...},0,23,0,0,0,2,0,2,0,2
Commons Math,org.apache.commons.math3.analysis.interpolation,TricubicSplineInterpolatingFunction,68,17988,10,70,6,97,10,35,0,5
Commons Math,org.apache.commons.math3.analysis.interpolation,MicrosphereInterpolatingFunction.MicrosphereSurfaceElement,0,37,0,2,0,13,0,7,0,6
Commons Math,org.apache.commons.math3.analysis.interpolation,BicubicSplineFunction.new BivariateFunction() {...},0,63,0,0,0,6,0,2,0,2
Commons Math,org.apache.commons.math3.analysis.interpolation,LoessInterpolator,33,544,4,48,6,110,6,30,2,8
Commons Math,org.apache.commons.math3.analysis.interpolation,BicubicSplineFunction.new BivariateFunction() {...},0,63,0,0,0,6,0,2,0,2
Commons Math,org.apache.commons.math3.analysis.interpolation,BicubicSplineFunction.new BivariateFunction() {...},0,63,0,0,0,6,0,2,0,2
Commons Math,org.apache.commons.math3.analysis.interpolation,BicubicSplineFunction.new BivariateFunction() {...},0,67,0,0,0,7,0,2,0,2
Commons Math,org.apache.commons.math3.analysis.interpolation,BicubicSplineFunction.new BivariateFunction() {...},0,67,0,0,0,7,0,2,0,2
Commons Math,org.apache.commons.math3.analysis.interpolation,BicubicSplineInterpolatingFunction,100,1740,10,42,9,80,12,26,2,10
Commons Math,org.apache.commons.math3.analysis.interpolation,TricubicSplineFunction,30,202,6,18,3,25,6,8,0,2
Commons Math,org.apache.commons.math3.analysis.interpolation,SmoothingPolynomialBicubicSplineInterpolator,20,266,5,27,5,45,6,14,1,3
Commons Math,org.apache.commons.math3.analysis.interpolation,FieldHermiteInterpolator,0,423,0,30,0,64,0,19,0,4
Commons Math,org.apache.commons.math3.analysis.interpolation,DividedDifferenceInterpolator,0,100,0,4,0,17,0,5,0,3
Commons Math,org.apache.commons.math3.analysis.interpolation,SplineInterpolator,0,330,0,12,0,38,0,8,0,2
Commons Math,org.apache.commons.math3.analysis.interpolation,HermiteInterpolator,0,403,0,28,0,62,0,21,0,7
Commons Math,org.apache.commons.math3.analysis.interpolation,TricubicSplineInterpolator,4,576,4,50,1,78,4,27,0,4
Commons Math,org.apache.commons.math3.analysis.interpolation,MicrosphereInterpolatingFunction,32,220,8,22,6,42,8,10,0,3
Commons Math,org.apache.commons.math3.analysis.interpolation,MicrosphereInterpolator,12,37,2,2,2,10,2,3,0,3
Commons Math,org.apache.commons.math3.analysis.interpolation,BicubicSplineInterpolator,4,299,3,31,1,44,3,18,0,4
Commons Math,org.apache.commons.math3.analysis.interpolation,NevilleInterpolator,0,9,0,0,0,2,0,2,0,2
Commons Math,org.apache.commons.math3.analysis.interpolation,LinearInterpolator,0,108,0,8,0,18,0,6,0,2
Commons Math,org.apache.commons.math3.analysis.interpolation,BicubicSplineFunction,28,316,9,21,6,50,9,15,0,9
Commons Math,org.apache.commons.math3.analysis.interpolation,UnivariatePeriodicInterpolator,0,165,0,6,0,28,0,6,0,3
Commons Math,org.apache.commons.math3.analysis.integration,LegendreGaussIntegrator,30,449,1,12,4,68,2,12,1,5
Commons Math,org.apache.commons.math3.analysis.integration,SimpsonIntegrator,34,92,5,7,7,22,5,5,1,3
Commons Math,org.apache.commons.math3.analysis.integration,IterativeLegendreGaussIntegrator.new UnivariateFunction() {...},0,11,0,0,0,2,0,2,0,2
Commons Math,org.apache.commons.math3.analysis.integration,IterativeLegendreGaussIntegrator,7,157,1,7,1,34,1,9,0,6
Commons Math,org.apache.commons.math3.analysis.integration,RombergIntegrator,20,145,4,8,6,31,4,6,1,3
Commons Math,org.apache.commons.math3.analysis.integration,BaseAbstractUnivariateIntegrator,17,120,1,3,4,36,3,13,2,12
Commons Math,org.apache.commons.math3.analysis.integration,TrapezoidIntegrator,20,162,4,10,6,37,4,8,1,4
Commons Math,org.apache.commons.math3.geometry,VectorFormat,37,150,1,15,13,37,8,12,7,5
Commons Math,org.apache.commons.math3.optimization.fitting,HarmonicFitter.ParameterGuesser,4,464,2,28,1,93,2,18,0,5
Commons Math,org.apache.commons.math3.optimization.fitting,CurveFitter.OldTheoreticalValuesFunction,0,47,0,2,0,10,0,4,0,3
Commons Math,org.apache.commons.math3.optimization.fitting,PolynomialFitter,26,14,0,0,5,4,3,2,3,2
Commons Math,org.apache.commons.math3.optimization.fitting,GaussianFitter.ParameterGuesser.new Comparator() {...},44,26,15,5,13,7,10,2,0,2
Commons Math,org.apache.commons.math3.optimization.fitting,CurveFitter.OldTheoreticalValuesFunction.new MultivariateMatrixFunction() {...},0,42,0,2,0,7,0,3,0,2
Commons Math,org.apache.commons.math3.optimization.fitting,WeightedObservedPoint,0,21,0,0,0,8,0,4,0,4
Commons Math,org.apache.commons.math3.optimization.fitting,CurveFitter,37,101,1,3,10,22,4,7,3,6
Commons Math,org.apache.commons.math3.optimization.fitting,GaussianFitter.ParameterGuesser,21,319,6,28,5,55,6,19,0,8
Commons Math,org.apache.commons.math3.optimization.fitting,CurveFitter.TheoreticalValuesFunction,121,0,8,0,21,0,7,0,3,0
Commons Math,org.apache.commons.math3.optimization.fitting,GaussianFitter,0,25,0,0,0,6,0,3,0,3
Commons Math,org.apache.commons.math3.optimization.fitting,GaussianFitter.new Gaussian.Parametric() {...},1,40,0,0,1,10,0,3,0,3
Commons Math,org.apache.commons.math3.optimization.fitting,HarmonicFitter,0,20,0,0,0,4,0,3,0,3
Commons Math,org.apache.commons.math3.optim.linear,UnboundedSolutionException,0,6,0,0,0,2,0,1,0,1
Commons Math,org.apache.commons.math3.optim.linear,LinearConstraint,60,87,6,6,15,24,7,10,2,9
Commons Math,org.apache.commons.math3.optim.linear,NonNegativeConstraint,0,9,0,0,0,4,0,2,0,2
Commons Math,org.apache.commons.math3.optim.linear,Relationship,3,56,0,3,1,11,1,5,1,3
Commons Math,org.apache.commons.math3.optim.linear,LinearObjectiveFunction,14,77,4,4,3,20,5,9,1,9
Commons Math,org.apache.commons.math3.optim.linear,SimplexSolver,66,294,13,41,16,71,9,27,2,7
Commons Math,org.apache.commons.math3.optim.linear,LinearOptimizer,0,64,0,8,0,18,0,10,0,6
Commons Math,org.apache.commons.math3.optim.linear,LinearConstraintSet,29,17,2,0,4,5,2,2,1,2
Commons Math,org.apache.commons.math3.optim.linear,NoFeasibleSolutionException,0,6,0,0,0,2,0,1,0,1
Commons Math,org.apache.commons.math3.optim.linear,SimplexTableau,64,1008,12,116,14,178,16,81,4,29
Commons Math,org.apache.commons.math3.ode.nonstiff,AdamsMoultonIntegrator,29,382,2,30,4,76,2,17,0,3
Commons Math,org.apache.commons.math3.ode.nonstiff,AdamsMoultonIntegrator.Corrector,13,132,2,6,0,23,2,6,0,4
Commons Math,org.apache.commons.math3.ode.nonstiff,RungeKuttaStepInterpolator,17,221,7,23,2,49,7,14,0,6
Commons Math,org.apache.commons.math3.ode.nonstiff,ClassicalRungeKuttaIntegrator,0,88,0,0,0,5,0,2,0,2
Commons Math,org.apache.commons.math3.ode.nonstiff,HighamHall54Integrator,0,331,0,6,0,21,0,8,0,5
Commons Math,org.apache.commons.math3.ode.nonstiff,DormandPrince853StepInterpolator,21,1574,5,43,4,116,5,29,0,10
Commons Math,org.apache.commons.math3.ode.nonstiff,AdamsNordsieckTransformer,4,405,0,20,1,68,1,17,1,7
Commons Math,org.apache.commons.math3.ode.nonstiff,ClassicalRungeKuttaStepInterpolator,0,269,1,7,0,35,1,7,0,4
Commons Math,org.apache.commons.math3.ode.nonstiff,RungeKuttaIntegrator,0,347,0,28,0,56,0,16,0,2
Commons Math,org.apache.commons.math3.ode.nonstiff,ThreeEighthesStepInterpolator,0,308,1,7,0,38,1,7,0,4
Commons Math,org.apache.commons.math3.ode.nonstiff,ThreeEighthesIntegrator,0,88,0,0,0,5,0,2,0,2
Commons Math,org.apache.commons.math3.ode.nonstiff,AdaptiveStepsizeIntegrator,14,398,6,40,2,84,5,30,0,12
Commons Math,org.apache.commons.math3.ode.nonstiff,EmbeddedRungeKuttaIntegrator,0,626,0,54,0,112,0,36,0,9
Commons Math,org.apache.commons.math3.ode.nonstiff,EulerIntegrator,0,25,0,0,0,5,0,2,0,2
Commons Math,org.apache.commons.math3.ode.nonstiff,GillIntegrator,0,117,0,0,0,8,0,2,0,2
Commons Math,org.apache.commons.math3.ode.nonstiff,DormandPrince853Integrator,0,895,0,6,0,45,0,8,0,5
Commons Math,org.apache.commons.math3.ode.nonstiff,GraggBulirschStoerStepInterpolator,58,839,15,43,9,127,14,25,0,10
Commons Math,org.apache.commons.math3.ode.nonstiff,HighamHall54StepInterpolator,0,449,1,7,0,41,1,7,0,4
Commons Math,org.apache.commons.math3.ode.nonstiff,MidpointIntegrator,0,42,0,0,0,5,0,2,0,2
Commons Math,org.apache.commons.math3.ode.nonstiff,DormandPrince54Integrator,0,318,0,4,0,18,0,7,0,5
Commons Math,org.apache.commons.math3.ode.nonstiff,AdamsIntegrator,0,48,0,0,0,10,0,5,0,5
Commons Math,org.apache.commons.math3.ode.nonstiff,GraggBulirschStoerIntegrator,25,1985,22,212,7,307,22,109,0,13
Commons Math,org.apache.commons.math3.ode.nonstiff,MidpointStepInterpolator,0,150,1,7,0,24,1,7,0,4
Commons Math,org.apache.commons.math3.ode.nonstiff,AdamsBashforthIntegrator,40,377,3,31,4,76,3,17,0,3
Commons Math,org.apache.commons.math3.ode.nonstiff,DormandPrince54StepInterpolator,0,454,1,15,0,62,1,13,0,6
Commons Math,org.apache.commons.math3.ode.nonstiff,EulerStepInterpolator,0,100,1,7,0,13,1,7,0,4
Commons Math,org.apache.commons.math3.ode.nonstiff,GillStepInterpolator,0,307,1,7,0,43,1,8,0,5
Commons Math,org.apache.commons.math3.linear,RealLinearOperator,6,3,0,0,2,1,2,1,2,1
Commons Math,org.apache.commons.math3.linear,FieldLUDecomposition.Solver,11,523,2,52,2,80,2,31,0,6
Commons Math,org.apache.commons.math3.linear,DefaultIterativeLinearSolverEvent,11,49,3,1,2,17,3,6,1,6
Commons Math,org.apache.commons.math3.linear,BlockRealMatrix,194,4078,14,264,38,690,11,182,1,53
Commons Math,org.apache.commons.math3.linear,SymmLQ,56,198,2,8,13,48,7,10,5,7
Commons Math,org.apache.commons.math3.linear,LUDecomposition.Solver,0,335,0,38,0,55,0,24,0,5
Commons Math,org.apache.commons.math3.linear,RRQRDecomposition,1,210,2,18,1,47,2,15,0,7
Commons Math,org.apache.commons.math3.linear,RRQRDecomposition.Solver,7,29,0,0,1,7,1,4,1,4
Commons Math,org.apache.commons.math3.linear,DefaultFieldMatrixPreservingVisitor,1,10,0,0,1,5,1,3,1,3
Commons Math,org.apache.commons.math3.linear,RectangularCholeskyDecomposition,26,300,2,26,2,54,2,16,0,4
Commons Math,org.apache.commons.math3.linear,LUDecomposition,0,440,0,54,0,85,0,35,0,8
Commons Math,org.apache.commons.math3.linear,SymmLQ.State,34,960,9,51,7,171,9,35,0,14
Commons Math,org.apache.commons.math3.linear,Array2DRowRealMatrix,30,1007,7,89,5,188,7,72,0,31
Commons Math,org.apache.commons.math3.linear,SingularValueDecomposition.new DefaultRealMatrixPreservingVisitor() {...},0,23,0,0,0,3,0,2,0,2
Commons Math,org.apache.commons.math3.linear,EigenDecomposition.Solver,8,300,3,33,2,55,3,20,0,5
Commons Math,org.apache.commons.math3.linear,SparseRealVector,0,3,0,0,0,1,0,1,0,1
Commons Math,org.apache.commons.math3.linear,SparseFieldVector,314,732,36,58,71,173,37,54,11,33
Commons Math,org.apache.commons.math3.linear,NonSymmetricMatrixException,9,30,0,0,3,5,3,1,3,1
Commons Math,org.apache.commons.math3.linear,NonSquareOperatorException,0,6,0,0,0,2,0,1,0,1
Commons Math,org.apache.commons.math3.linear,CholeskyDecomposition.Solver,2,291,0,28,1,47,1,18,1,4
Commons Math,org.apache.commons.math3.linear,OpenMapRealVector.OpenMapEntry,10,18,0,0,2,5,1,3,1,3
Commons Math,org.apache.commons.math3.linear,MatrixUtils.BigFractionMatrixConverter,0,26,0,0,0,7,0,4,0,4
Commons Math,org.apache.commons.math3.linear,RealVector.Entry,0,29,0,0,0,9,0,5,0,5
Commons Math,org.apache.commons.math3.linear,BiDiagonalTransformer,13,987,7,103,3,155,10,55,3,7
Commons Math,org.apache.commons.math3.linear,DefaultRealMatrixChangingVisitor,2,6,0,0,1,3,1,3,1,3
Commons Math,org.apache.commons.math3.linear,DiagonalMatrix,0,334,0,28,0,70,0,34,0,20
Commons Math,org.apache.commons.math3.linear,SingularValueDecomposition,145,1861,19,165,20,258,18,88,1,12
Commons Math,org.apache.commons.math3.linear,DefaultFieldMatrixChangingVisitor,2,10,0,0,1,5,1,3,1,3
Commons Math,org.apache.commons.math3.linear,AbstractFieldMatrix.new DefaultFieldMatrixPreservingVisitor() {...},0,17,0,0,0,3,0,2,0,2
Commons Math,org.apache.commons.math3.linear,AbstractFieldMatrix.new DefaultFieldMatrixPreservingVisitor() {...},0,31,0,0,0,6,0,3,0,3
Commons Math,org.apache.commons.math3.linear,AbstractFieldMatrix.new DefaultFieldMatrixChangingVisitor() {...},0,25,0,0,0,2,0,2,0,2
Commons Math,org.apache.commons.math3.linear,IllConditionedOperatorException,11,0,0,0,2,0,1,0,1,0
Commons Math,org.apache.commons.math3.linear,SingularMatrixException,0,6,0,0,0,2,0,1,0,1
Commons Math,org.apache.commons.math3.linear,CholeskyDecomposition,0,229,0,22,0,45,0,17,0,6
Commons Math,org.apache.commons.math3.linear,SparseFieldMatrix,142,114,8,2,29,24,8,10,4,9
Commons Math,org.apache.commons.math3.linear,AbstractRealMatrix.new DefaultRealMatrixPreservingVisitor() {...},0,16,0,0,0,3,0,2,0,2
Commons Math,org.apache.commons.math3.linear,AbstractRealMatrix.new DefaultRealMatrixPreservingVisitor() {...},0,30,0,0,0,6,0,3,0,3
Commons Math,org.apache.commons.math3.linear,SingularValueDecomposition.Solver,3,73,0,6,1,15,1,7,1,4
Commons Math,org.apache.commons.math3.linear,AbstractRealMatrix.new DefaultRealMatrixChangingVisitor() {...},0,24,0,0,0,2,0,2,0,2
Commons Math,org.apache.commons.math3.linear,AbstractRealMatrix.new RealMatrixPreservingVisitor() {...},0,23,0,0,0,6,0,4,0,4
Commons Math,org.apache.commons.math3.linear,AbstractRealMatrix.new RealMatrixPreservingVisitor() {...},0,44,0,2,0,11,0,5,0,4
Commons Math,org.apache.commons.math3.linear,EigenDecomposition,171,1977,25,149,26,283,24,84,4,17
Commons Math,org.apache.commons.math3.linear,BlockFieldMatrix,507,3789,34,230,97,634,22,162,2,50
Commons Math,org.apache.commons.math3.linear,OpenMapRealVector,129,1067,15,119,31,270,16,99,5,43
Commons Math,org.apache.commons.math3.linear,QRDecomposition.Solver,0,504,0,44,0,84,0,27,0,5
Commons Math,org.apache.commons.math3.linear,OpenMapRealMatrix,76,375,4,20,18,82,4,24,2,14
Commons Math,org.apache.commons.math3.linear,Array2DRowFieldMatrix,117,993,9,83,23,176,13,67,5,29
Commons Math,org.apache.commons.math3.linear,HessenbergTransformer,3,505,3,51,1,76,4,29,1,5
Commons Math,org.apache.commons.math3.linear,RealVector.2.new Iterator() {...},4,31,0,0,1,5,1,3,1,3
Commons Math,org.apache.commons.math3.linear,RealVector.2.new Iterator() {...},4,31,0,0,1,5,1,3,1,3
Commons Math,org.apache.commons.math3.linear,RealVectorFormat,18,227,0,22,7,58,5,21,5,10
Commons Math,org.apache.commons.math3.linear,NonPositiveDefiniteMatrixException,9,37,0,0,3,7,3,1,3,1
Commons Math,org.apache.commons.math3.linear,JacobiPreconditioner,7,106,1,7,1,23,1,9,0,6
Commons Math,org.apache.commons.math3.linear,NonSquareMatrixException,0,6,0,0,0,2,0,1,0,1
Commons Math,org.apache.commons.math3.linear,JacobiPreconditioner.new RealLinearOperator() {...},8,20,0,0,2,3,2,2,2,2
Commons Math,org.apache.commons.math3.linear,DefaultRealMatrixPreservingVisitor,1,6,0,0,1,3,1,3,1,3
Commons Math,org.apache.commons.math3.linear,NonPositiveDefiniteOperatorException,0,6,0,0,0,2,0,1,0,1
Commons Math,org.apache.commons.math3.linear,AbstractFieldMatrix,323,1941,39,203,54,375,34,149,6,56
Commons Math,org.apache.commons.math3.linear,PreconditionedIterativeLinearSolver,14,87,0,6,4,21,2,9,2,6
Commons Math,org.apache.commons.math3.linear,SchurTransformer,9,1425,7,85,2,190,7,49,0,10
Commons Math,org.apache.commons.math3.linear,AbstractRealMatrix,219,1745,22,176,36,337,20,133,5,49
Commons Math,org.apache.commons.math3.linear,MatrixDimensionMismatchException,0,44,0,0,0,8,0,5,0,5
Commons Math,org.apache.commons.math3.linear,RealVector.2.UnmodifiableEntry,0,18,0,0,0,3,0,3,0,3
Commons Math,org.apache.commons.math3.linear,RealMatrixFormat,29,372,3,41,11,95,10,30,7,11
Commons Math,org.apache.commons.math3.linear,OpenMapRealVector.OpenMapSparseIterator,5,29,0,0,1,7,1,3,1,3
Commons Math,org.apache.commons.math3.linear,NonSelfAdjointOperatorException,0,6,0,0,0,2,0,1,0,1
Commons Math,org.apache.commons.math3.linear,RealVector,8,876,0,82,2,210,2,90,2,49
Commons Math,org.apache.commons.math3.linear,SingularOperatorException,6,0,0,0,2,0,1,0,1,0
Commons Math,org.apache.commons.math3.linear,IterativeLinearSolverEvent,6,5,0,0,2,2,2,1,2,1
Commons Math,org.apache.commons.math3.linear,MatrixUtils,215,1033,39,107,49,215,33,75,2,33
Commons Math,org.apache.commons.math3.linear,QRDecomposition,0,455,0,42,0,77,0,30,0,9
Commons Math,org.apache.commons.math3.linear,RealVector.new Iterator() {...},0,54,0,4,0,9,0,6,0,4
Commons Math,org.apache.commons.math3.linear,ArrayFieldVector,373,1386,18,78,71,252,20,92,6,58
Commons Math,org.apache.commons.math3.linear,RealVector.new RealVector() {...},10,199,0,0,2,43,2,41,2,41
Commons Math,org.apache.commons.math3.linear,FieldLUDecomposition,12,474,2,52,0,82,2,32,0,7
Commons Math,org.apache.commons.math3.linear,ConjugateGradient,18,227,3,15,7,61,5,8,2,2
Commons Math,org.apache.commons.math3.linear,TriDiagonalTransformer,3,568,0,46,1,88,1,30,1,7
Commons Math,org.apache.commons.math3.linear,RealVector.SparseEntryIterator,9,84,2,12,3,19,3,9,1,4
Commons Math,org.apache.commons.math3.linear,MatrixUtils.FractionMatrixConverter,0,26,0,0,0,7,0,4,0,4
Commons Math,org.apache.commons.math3.linear,IterativeLinearSolver,34,58,0,6,10,17,3,6,3,3
Commons Math,org.apache.commons.math3.linear,ArrayRealVector,202,1614,16,128,40,329,14,125,4,63
Commons Math,org.apache.commons.math3.filter,DefaultMeasurementModel,11,15,0,0,2,6,1,3,1,3
Commons Math,org.apache.commons.math3.filter,KalmanFilter,85,302,10,24,20,69,14,15,4,8
Commons Math,org.apache.commons.math3.filter,DefaultProcessModel,40,33,0,0,4,12,2,6,2,6
Commons Math,org.apache.commons.math3.stat.correlation,StorelessCovariance,17,162,1,15,3,27,3,16,2,9
Commons Math,org.apache.commons.math3.stat.correlation,PearsonsCorrelation,15,386,3,27,2,75,3,25,0,13
Commons Math,org.apache.commons.math3.stat.correlation,SpearmansCorrelation,13,289,5,27,3,59,6,22,1,11
Commons Math,org.apache.commons.math3.stat.correlation,Covariance,41,226,4,12,5,48,5,17,1,13
Commons Math,org.apache.commons.math3.stat.correlation,StorelessBivariateCovariance,20,89,2,2,4,18,3,4,1,4
Commons Math,org.apache.commons.math3.optimization.direct,SimplexOptimizer,10,145,1,17,3,33,2,14,1,6
Commons Math,org.apache.commons.math3.optimization.direct,BaseAbstractMultivariateSimpleBoundsOptimizer,3,42,0,0,1,4,1,3,1,3
Commons Math,org.apache.commons.math3.optimization.direct,CMAESOptimizer,258,2454,39,177,45,381,36,117,7,38
Commons Math,org.apache.commons.math3.optimization.direct,CMAESOptimizer.Sigma,0,35,0,4,0,7,0,4,0,2
Commons Math,org.apache.commons.math3.optimization.direct,NelderMeadSimplex,10,408,1,31,3,82,2,23,1,8
Commons Math,org.apache.commons.math3.optimization.direct,PowellOptimizer.LineSearch,0,55,0,0,0,10,0,2,0,2
Commons Math,org.apache.commons.math3.optimization.direct,CMAESOptimizer.FitnessFunction,43,136,7,13,9,27,5,11,1,5
Commons Math,org.apache.commons.math3.optimization.direct,CMAESOptimizer.PopulationSize,6,11,1,1,1,5,1,2,0,2
Commons Math,org.apache.commons.math3.optimization.direct,SimplexOptimizer.new Comparator() {...},0,30,0,2,0,4,0,3,0,2
Commons Math,org.apache.commons.math3.optimization.direct,PowellOptimizer,21,386,3,29,3,85,3,20,0,7
Commons Math,org.apache.commons.math3.optimization.direct,SimplexOptimizer.new MultivariateFunction() {...},0,11,0,0,0,2,0,2,0,2
Commons Math,org.apache.commons.math3.optimization.direct,AbstractSimplex,98,379,13,41,14,75,14,27,1,13
Commons Math,org.apache.commons.math3.optimization.direct,BOBYQAOptimizer.PathIsExploredException,12,0,0,0,2,0,1,0,1,0
Commons Math,org.apache.commons.math3.optimization.direct,BOBYQAOptimizer,6893,0,624,0,1185,0,333,0,13,0
Commons Math,org.apache.commons.math3.optimization.direct,PowellOptimizer.LineSearch.new UnivariateFunction() {...},0,49,0,2,0,6,0,3,0,2
Commons Math,org.apache.commons.math3.optimization.direct,MultivariateFunctionMappingAdapter.UpperBoundMapper,0,20,0,0,0,5,0,3,0,3
Commons Math,org.apache.commons.math3.optimization.direct,MultivariateFunctionMappingAdapter.LowerBoundMapper,0,18,0,0,0,5,0,3,0,3
Commons Math,org.apache.commons.math3.optimization.direct,MultiDirectionalSimplex,7,173,0,8,2,42,1,13,1,9
Commons Math,org.apache.commons.math3.optimization.direct,MultivariateFunctionPenaltyAdapter,29,159,3,17,3,26,3,9,0,2
Commons Math,org.apache.commons.math3.optimization.direct,CMAESOptimizer.DoubleIndex,36,15,6,0,7,5,5,2,2,2
Commons Math,org.apache.commons.math3.optimization.direct,BaseAbstractMultivariateOptimizer,20,294,5,33,3,62,6,29,1,15
Commons Math,org.apache.commons.math3.optimization.direct,BaseAbstractMultivariateVectorOptimizer,95,158,11,11,18,42,13,17,7,12
Commons Math,org.apache.commons.math3.optimization.direct,MultivariateFunctionMappingAdapter.LowerUpperBoundMapper,0,27,0,0,0,6,0,3,0,3
Commons Math,org.apache.commons.math3.optimization.direct,MultivariateFunctionMappingAdapter.NoBoundsMapper,0,7,0,0,0,4,0,3,0,3
Commons Math,org.apache.commons.math3.optimization.direct,MultivariateFunctionMappingAdapter,21,164,2,16,2,26,2,11,0,4
Commons Math,org.apache.commons.math3.special,Beta,47,792,5,81,7,128,8,46,3,8
Commons Math,org.apache.commons.math3.special,Gamma.new ContinuedFraction() {...},0,27,0,0,0,3,0,3,0,3
Commons Math,org.apache.commons.math3.special,Gamma,26,993,7,83,5,158,7,50,0,12
Commons Math,org.apache.commons.math3.special,Beta.new ContinuedFraction() {...},0,87,0,2,0,8,0,4,0,3
Commons Math,org.apache.commons.math3.special,Erf,0,503,0,28,0,87,0,19,0,5
Commons Math,org.apache.commons.math3.distribution,MixtureMultivariateRealDistribution,20,237,3,19,2,43,3,14,0,6
Commons Math,org.apache.commons.math3.distribution,BetaDistribution,42,161,8,10,9,37,8,17,2,14
Commons Math,org.apache.commons.math3.distribution,GammaDistribution,4,395,1,25,2,73,2,29,1,17
Commons Math,org.apache.commons.math3.distribution,AbstractRealDistribution.new UnivariateFunction() {...},0,17,0,0,0,2,0,2,0,2
Commons Math,org.apache.commons.math3.distribution,ZipfDistribution,2,211,0,18,1,51,1,22,1,13
Commons Math,org.apache.commons.math3.distribution,TriangularDistribution,8,402,4,36,3,58,7,27,3,11
Commons Math,org.apache.commons.math3.distribution,FDistribution,0,230,0,12,0,53,0,22,0,16
Commons Math,org.apache.commons.math3.distribution,EnumeratedDistribution,74,200,14,22,17,40,11,15,2,6
Commons Math,org.apache.commons.math3.distribution,ChiSquaredDistribution,0,66,0,0,0,19,0,14,0,14
Commons Math,org.apache.commons.math3.distribution,SaddlePointExpansion,16,368,1,15,1,41,1,11,0,4
Commons Math,org.apache.commons.math3.distribution,UniformRealDistribution,15,158,0,14,5,31,3,20,3,13
Commons Math,org.apache.commons.math3.distribution,ExponentialDistribution,5,236,0,22,2,58,2,26,2,15
Commons Math,org.apache.commons.math3.distribution,HypergeometricDistribution,5,358,1,25,2,72,2,29,1,17
Commons Math,org.apache.commons.math3.distribution,TDistribution,0,163,1,13,0,43,1,20,0,14
Commons Math,org.apache.commons.math3.distribution,AbstractMultivariateRealDistribution,7,38,1,3,2,12,1,5,0,4
Commons Math,org.apache.commons.math3.distribution,EnumeratedIntegerDistribution,0,259,0,24,0,43,0,22,0,10
Commons Math,org.apache.commons.math3.distribution,PascalDistribution,19,120,3,7,4,28,4,12,1,10
Commons Math,org.apache.commons.math3.distribution,BinomialDistribution,19,126,3,15,4,25,4,16,1,10
Commons Math,org.apache.commons.math3.distribution,CauchyDistribution,10,137,0,10,4,30,3,19,3,14
Commons Math,org.apache.commons.math3.distribution,KolmogorovSmirnovDistribution,106,377,12,36,16,59,13,18,3,4
Commons Math,org.apache.commons.math3.distribution,MixtureMultivariateNormalDistribution,5,46,0,2,2,9,1,4,1,3
Commons Math,org.apache.commons.math3.distribution,UniformIntegerDistribution,12,127,1,9,3,23,2,13,1,9
Commons Math,org.apache.commons.math3.distribution,NormalDistribution,10,212,0,12,4,41,3,24,3,18
Commons Math,org.apache.commons.math3.distribution,PoissonDistribution,19,478,4,38,8,97,7,30,3,13
Commons Math,org.apache.commons.math3.distribution,LogNormalDistribution,7,239,2,14,2,49,3,25,1,19
Commons Math,org.apache.commons.math3.distribution,AbstractIntegerDistribution,38,238,9,35,9,55,9,22,1,8
Commons Math,org.apache.commons.math3.distribution,LevyDistribution,8,104,2,6,4,22,4,13,2,11
Commons Math,org.apache.commons.math3.distribution,AbstractRealDistribution,9,281,6,38,3,64,7,25,1,9
Commons Math,org.apache.commons.math3.distribution,MultivariateNormalDistribution,60,257,6,22,10,49,6,16,1,7
Commons Math,org.apache.commons.math3.distribution,WeibullDistribution,10,241,3,17,4,56,5,23,2,16
Commons Math,org.apache.commons.math3.distribution,EnumeratedRealDistribution,0,266,0,24,0,46,0,25,0,13
Commons Math,org.apache.commons.math3.stat.clustering,EuclideanDoublePoint,6,85,1,7,2,16,2,9,1,6
Commons Math,org.apache.commons.math3.stat.clustering,EuclideanIntegerPoint,6,84,1,7,2,16,2,9,1,6
Commons Math,org.apache.commons.math3.stat.clustering,Cluster,0,23,0,0,0,8,0,4,0,4
Commons Math,org.apache.commons.math3.stat.clustering,DBSCANClusterer.PointStatus,0,24,0,0,0,3,0,1,0,1
Commons Math,org.apache.commons.math3.stat.clustering,KMeansPlusPlusClusterer.EmptyClusterStrategy,0,44,0,0,0,5,0,1,0,1
Commons Math,org.apache.commons.math3.stat.clustering,KMeansPlusPlusClusterer,45,618,14,78,8,158,12,45,0,10
Commons Math,org.apache.commons.math3.stat.clustering,DBSCANClusterer,0,210,0,28,0,53,0,21,0,7
Commons Math,org.apache.commons.math3.stat.inference,TestUtils,31,194,0,0,6,38,6,35,6,35
Commons Math,org.apache.commons.math3.stat.inference,WilcoxonSignedRankTest,18,289,2,34,5,55,3,24,1,8
Commons Math,org.apache.commons.math3.stat.inference,ChiSquareTest,26,570,8,56,4,101,8,35,0,11
Commons Math,org.apache.commons.math3.stat.inference,GTest,14,549,6,50,2,87,6,33,0,11
Commons Math,org.apache.commons.math3.stat.inference,OneWayAnova.AnovaStats,0,12,0,0,0,5,0,1,0,1
Commons Math,org.apache.commons.math3.stat.inference,MannWhitneyUTest,10,177,0,10,3,31,1,11,1,6
Commons Math,org.apache.commons.math3.stat.inference,OneWayAnova,11,265,2,18,2,55,2,15,0,7
Commons Math,org.apache.commons.math3.stat.inference,TTest,23,581,1,23,5,98,2,41,1,30
Commons Math,org.apache.commons.math3.fitting,GaussianFitter.new Gaussian.Parametric() {...},1,40,0,0,1,10,0,3,0,3
Commons Math,org.apache.commons.math3.fitting,WeightedObservedPoint,0,21,0,0,0,8,0,4,0,4
Commons Math,org.apache.commons.math3.fitting,GaussianFitter.ParameterGuesser.new Comparator() {...},44,26,15,5,13,7,10,2,0,2
Commons Math,org.apache.commons.math3.fitting,HarmonicFitter.ParameterGuesser,4,464,2,28,1,93,2,18,0,5
Commons Math,org.apache.commons.math3.fitting,GaussianFitter,0,25,0,0,0,6,0,3,0,3
Commons Math,org.apache.commons.math3.fitting,CurveFitter.TheoreticalValuesFunction,0,25,0,0,0,5,0,3,0,3
Commons Math,org.apache.commons.math3.fitting,PolynomialFitter,8,11,0,0,1,3,1,2,1,2
Commons Math,org.apache.commons.math3.fitting,HarmonicFitter,0,20,0,0,0,4,0,3,0,3
Commons Math,org.apache.commons.math3.fitting,CurveFitter.TheoreticalValuesFunction.new MultivariateMatrixFunction() {...},0,42,0,2,0,7,0,3,0,2
Commons Math,org.apache.commons.math3.fitting,CurveFitter.TheoreticalValuesFunction.new MultivariateVectorFunction() {...},0,42,0,2,0,7,0,3,0,2
Commons Math,org.apache.commons.math3.fitting,GaussianFitter.ParameterGuesser,21,319,6,28,5,55,6,19,0,8
Commons Math,org.apache.commons.math3.fitting,CurveFitter,6,135,0,2,2,26,1,8,1,7
Commons Math,org.apache.commons.math3.optimization,Target,0,13,0,0,0,4,0,2,0,2
Commons Math,org.apache.commons.math3.optimization,PointValuePair,4,45,2,4,0,11,2,6,0,5
Commons Math,org.apache.commons.math3.optimization,MultivariateMultiStartOptimizer,0,6,0,0,0,2,0,1,0,1
Commons Math,org.apache.commons.math3.optimization,PointValuePair.DataTransferObject,0,20,0,0,0,5,0,2,0,2
Commons Math,org.apache.commons.math3.optimization,SimpleValueChecker,6,71,1,9,3,16,2,7,1,3
Commons Math,org.apache.commons.math3.optimization,SimplePointChecker,6,85,2,10,3,21,3,7,1,3
Commons Math,org.apache.commons.math3.optimization,LeastSquaresConverter,25,175,3,15,3,35,3,10,0,4
Commons Math,org.apache.commons.math3.optimization,BaseMultivariateVectorMultiStartOptimizer,21,125,3,11,5,30,4,10,1,6
Commons Math,org.apache.commons.math3.optimization,SimpleVectorValueChecker,6,83,0,12,3,21,1,9,1,3
Commons Math,org.apache.commons.math3.optimization,DifferentiableMultivariateMultiStartOptimizer,6,0,0,0,2,0,1,0,1,0
Commons Math,org.apache.commons.math3.optimization,BaseMultivariateMultiStartOptimizer,31,105,5,9,8,25,6,8,1,6
Commons Math,org.apache.commons.math3.optimization,AbstractConvergenceChecker,9,24,0,0,4,8,1,4,1,4
Commons Math,org.apache.commons.math3.optimization,Weight,20,13,2,0,6,4,2,2,1,2
Commons Math,org.apache.commons.math3.optimization,PointVectorValuePair.DataTransferObject,0,22,0,0,0,5,0,2,0,2
Commons Math,org.apache.commons.math3.optimization,MultivariateDifferentiableVectorMultiStartOptimizer,0,6,0,0,0,2,0,1,0,1
Commons Math,org.apache.commons.math3.optimization,BaseMultivariateVectorMultiStartOptimizer.new Comparator() {...},3,64,2,6,1,11,2,5,0,3
Commons Math,org.apache.commons.math3.optimization,BaseMultivariateMultiStartOptimizer.new Comparator() {...},11,32,5,3,2,7,4,2,0,2
Commons Math,org.apache.commons.math3.optimization,MultivariateDifferentiableMultiStartOptimizer,0,6,0,0,0,2,0,1,0,1
Commons Math,org.apache.commons.math3.optimization,InitialGuess,0,13,0,0,0,4,0,2,0,2
Commons Math,org.apache.commons.math3.optimization,SimpleBounds,0,23,0,0,0,6,0,3,0,3
Commons Math,org.apache.commons.math3.optimization,GoalType,0,24,0,0,0,3,0,1,0,1
Commons Math,org.apache.commons.math3.optimization,DifferentiableMultivariateVectorMultiStartOptimizer,6,0,0,0,2,0,1,0,1,0
Commons Math,org.apache.commons.math3.optimization,PointVectorValuePair,6,66,3,9,0,18,3,10,0,7
Commons Math,org.apache.commons.math3.stat.ranking,NaturalRanking,40,512,2,54,13,118,5,44,3,14
Commons Math,org.apache.commons.math3.stat.ranking,NaNStrategy,0,54,0,0,0,6,0,1,0,1
Commons Math,org.apache.commons.math3.stat.ranking,TiesStrategy,0,54,0,0,0,6,0,1,0,1
Commons Math,org.apache.commons.math3.stat.ranking,NaturalRanking.IntDoublePair,0,21,0,0,0,7,0,4,0,4
Commons Math,org.apache.commons.math3.stat.descriptive.summary,SumOfSquares,6,95,1,3,3,27,2,9,1,8
Commons Math,org.apache.commons.math3.stat.descriptive.summary,Product,6,130,2,6,3,34,3,12,1,10
Commons Math,org.apache.commons.math3.stat.descriptive.summary,SumOfLogs,6,92,1,3,3,27,2,9,1,8
Commons Math,org.apache.commons.math3.stat.descriptive.summary,Sum,14,122,2,6,4,33,4,11,2,9
Commons Math,org.apache.commons.math3.analysis.polynomials,PolynomialFunctionNewtonForm,37,258,3,15,7,44,5,14,2,8
Commons Math,org.apache.commons.math3.analysis.polynomials,PolynomialFunctionLagrangeForm,82,450,3,31,15,73,5,22,3,7
Commons Math,org.apache.commons.math3.analysis.polynomials,PolynomialsUtils.JacobiKey,3,38,4,4,1,8,4,3,0,3
Commons Math,org.apache.commons.math3.analysis.polynomials,PolynomialSplineFunction,69,202,10,16,10,34,7,14,1,7
Commons Math,org.apache.commons.math3.analysis.polynomials,PolynomialsUtils,0,442,0,20,0,72,0,19,0,9
Commons Math,org.apache.commons.math3.analysis.polynomials,PolynomialFunction,127,466,16,46,26,84,15,33,3,14
Commons Math,org.apache.commons.math3.analysis.polynomials,PolynomialsUtils.new PolynomialsUtils.RecurrenceCoefficientsGenerator() {...},0,22,0,0,0,3,0,2,0,2
Commons Math,org.apache.commons.math3.analysis.polynomials,PolynomialsUtils.new PolynomialsUtils.RecurrenceCoefficientsGenerator() {...},0,38,0,0,0,3,0,2,0,2
Commons Math,org.apache.commons.math3.analysis.polynomials,PolynomialsUtils.new PolynomialsUtils.RecurrenceCoefficientsGenerator() {...},0,23,0,0,0,2,0,2,0,2
Commons Math,org.apache.commons.math3.analysis.polynomials,PolynomialsUtils.new PolynomialsUtils.RecurrenceCoefficientsGenerator() {...},0,97,0,0,0,8,0,2,0,2
Commons Math,org.apache.commons.math3.analysis.polynomials,PolynomialsUtils.new PolynomialsUtils.RecurrenceCoefficientsGenerator() {...},0,32,0,0,0,3,0,2,0,2
Commons Math,org.apache.commons.math3.analysis.polynomials,PolynomialFunction.Parametric,0,31,0,2,0,8,0,4,0,3
Commons Math,org.apache.commons.math3.fraction,BigFractionFormat,33,209,2,19,8,54,7,18,5,9
Commons Math,org.apache.commons.math3.fraction,FractionField,0,10,0,0,0,5,0,5,0,5
Commons Math,org.apache.commons.math3.fraction,FractionField.LazyHolder,0,6,0,0,0,1,0,1,0,1
Commons Math,org.apache.commons.math3.fraction,FractionConversionException,0,37,0,0,0,4,0,2,0,2
Commons Math,org.apache.commons.math3.fraction,BigFractionField,0,10,0,0,0,5,0,5,0,5
Commons Math,org.apache.commons.math3.fraction,FractionFormat,25,172,1,12,8,43,7,14,6,8
Commons Math,org.apache.commons.math3.fraction,ProperBigFractionFormat,29,199,4,23,9,58,5,16,1,6
Commons Math,org.apache.commons.math3.fraction,BigFraction,74,1102,9,89,14,227,10,94,3,52
Commons Math,org.apache.commons.math3.fraction,AbstractFormat,21,102,3,9,5,33,5,14,2,11
Commons Math,org.apache.commons.math3.fraction,ProperFractionFormat,31,191,4,15,9,54,5,12,1,6
Commons Math,org.apache.commons.math3.fraction,BigFractionField.LazyHolder,0,6,0,0,0,1,0,1,0,1
Commons Math,org.apache.commons.math3.fraction,Fraction,26,890,7,87,5,177,7,72,0,32
Commons Math,org.apache.commons.math3.genetics,OrderedCrossover,0,171,0,14,0,37,0,10,0,3
Commons Math,org.apache.commons.math3.genetics,ChromosomePair,15,15,0,0,1,6,1,3,1,3
Commons Math,org.apache.commons.math3.genetics,FixedElapsedTime,14,35,1,5,3,8,2,4,1,2
Commons Math,org.apache.commons.math3.genetics,InvalidRepresentationException,0,5,0,0,0,2,0,1,0,1
Commons Math,org.apache.commons.math3.genetics,RandomKey,32,305,3,29,4,63,4,24,1,11
Commons Math,org.apache.commons.math3.genetics,TournamentSelection,26,62,1,3,5,13,3,4,2,3
Commons Math,org.apache.commons.math3.genetics,BinaryMutation,7,41,1,3,1,8,1,3,0,2
Commons Math,org.apache.commons.math3.genetics,BinaryChromosome,2,96,1,15,1,22,1,12,0,5
Commons Math,org.apache.commons.math3.genetics,Chromosome,2,56,1,7,1,15,2,8,1,5
Commons Math,org.apache.commons.math3.genetics,RandomKeyMutation,13,33,1,1,2,8,1,2,0,2
Commons Math,org.apache.commons.math3.genetics,ElitisticListPopulation,0,87,0,6,0,20,0,8,0,5
Commons Math,org.apache.commons.math3.genetics,OnePointCrossover,14,97,3,7,2,18,3,5,0,3
Commons Math,org.apache.commons.math3.genetics,TournamentSelection.new ListPopulation() {...},2,7,0,0,1,1,1,1,1,1
Commons Math,org.apache.commons.math3.genetics,CycleCrossover,6,194,1,21,2,42,2,14,1,4
Commons Math,org.apache.commons.math3.genetics,ListPopulation,36,178,5,17,9,41,4,20,1,12
Commons Math,org.apache.commons.math3.genetics,NPointCrossover,9,162,1,15,2,35,2,10,1,3
Commons Math,org.apache.commons.math3.genetics,FixedGenerationCount,12,26,1,3,2,9,2,3,1,2
Commons Math,org.apache.commons.math3.genetics,AbstractListChromosome,0,41,0,0,0,9,0,5,0,5
Commons Math,org.apache.commons.math3.genetics,GeneticAlgorithm,25,149,6,12,6,39,7,14,1,11
Commons Math,org.apache.commons.math3.genetics,UniformCrossover,3,127,0,14,1,24,1,10,1,3
Commons Math,org.apache.commons.math3.stat,Frequency,32,477,9,39,11,124,8,49,1,32
Commons Math,org.apache.commons.math3.stat,Frequency.NaturalComparator,0,4,0,0,0,1,0,1,0,1
Commons Math,org.apache.commons.math3.stat,StatUtils,20,343,1,15,3,65,3,36,2,29
Commons Math,org.apache.commons.math3.geometry.euclidean.threed,PolyhedronsSet.TranslationTransform,0,59,0,2,0,15,0,5,0,4
Commons Math,org.apache.commons.math3.geometry.euclidean.threed,SphericalCoordinates.DataTransferObject,0,25,0,0,0,6,0,2,0,2
Commons Math,org.apache.commons.math3.geometry.euclidean.threed,RotationOrder,0,124,0,0,0,22,0,6,0,6
Commons Math,org.apache.commons.math3.geometry.euclidean.threed,FieldRotation,0,5436,3,105,0,431,3,88,0,37
Commons Math,org.apache.commons.math3.geometry.euclidean.threed,OutlineExtractor,190,0,14,0,34,0,10,0,3,0
Commons Math,org.apache.commons.math3.geometry.euclidean.threed,Vector3DFormat,15,93,1,3,4,19,2,9,1,8
Commons Math,org.apache.commons.math3.geometry.euclidean.threed,PolyhedronsSet.FacetsContributionVisitor,17,86,4,4,4,22,4,5,0,5
Commons Math,org.apache.commons.math3.geometry.euclidean.threed,Line,13,254,4,12,3,43,5,20,1,16
Commons Math,org.apache.commons.math3.geometry.euclidean.threed,SubLine,0,141,0,12,0,25,0,12,0,6
Commons Math,org.apache.commons.math3.geometry.euclidean.threed,Rotation,0,3182,3,105,0,365,3,76,0,25
Commons Math,org.apache.commons.math3.geometry.euclidean.threed,Segment,0,21,0,0,0,8,0,4,0,4
Commons Math,org.apache.commons.math3.geometry.euclidean.threed,PolyhedronsSet.RotationTransform,0,124,0,2,0,23,0,5,0,4
Commons Math,org.apache.commons.math3.geometry.euclidean.threed,PolyhedronsSet,143,178,27,1,40,25,17,9,3,9
Commons Math,org.apache.commons.math3.geometry.euclidean.threed,SubPlane,0,237,2,16,0,48,2,11,0,4
Commons Math,org.apache.commons.math3.geometry.euclidean.threed,Vector3D,0,980,0,46,0,141,0,70,0,47
Commons Math,org.apache.commons.math3.geometry.euclidean.threed,Euclidean3D,0,8,0,0,0,4,0,4,0,4
Commons Math,org.apache.commons.math3.geometry.euclidean.threed,NotARotationMatrixException,0,5,0,0,0,2,0,1,0,1
Commons Math,org.apache.commons.math3.geometry.euclidean.threed,Plane,82,534,3,19,19,85,7,33,4,25
Commons Math,org.apache.commons.math3.geometry.euclidean.threed,CardanEulerSingularityException,0,10,0,2,0,2,0,2,0,1
Commons Math,org.apache.commons.math3.geometry.euclidean.threed,OutlineExtractor.BoundaryProjector,317,0,34,0,62,0,23,0,6,0
Commons Math,org.apache.commons.math3.geometry.euclidean.threed,SphericalCoordinates,0,1484,2,2,0,117,2,11,0,11
Commons Math,org.apache.commons.math3.geometry.euclidean.threed,FieldVector3D,0,2047,0,72,0,259,0,118,0,82
Commons Math,org.apache.commons.math3.geometry.euclidean.threed,Euclidean3D.LazyHolder,0,6,0,0,0,1,0,1,0,1
Commons Math,org.apache.commons.math3.primes,SmallPrimes,12,2255,4,30,4,53,4,18,0,5
Commons Math,org.apache.commons.math3.primes,Primes,0,123,0,26,0,29,0,16,0,3
Commons Math,org.apache.commons.math3.primes,PollardRho,219,0,22,0,60,0,14,0,3,0
Commons Math,org.apache.commons.math3.geometry.partitioning.utilities,AVLTree.Node,0,737,2,108,0,196,2,72,0,15
Commons Math,org.apache.commons.math3.geometry.partitioning.utilities,AVLTree.Skew,0,34,0,0,0,4,0,1,0,1
Commons Math,org.apache.commons.math3.geometry.partitioning.utilities,AVLTree,12,145,6,30,2,40,6,21,0,9
Commons Math,org.apache.commons.math3.geometry.partitioning.utilities,OrderedTuple,131,462,30,64,29,96,25,34,3,9
Commons Math,org.apache.commons.math3.exception,OutOfRangeException,0,34,0,0,0,8,0,4,0,4
Commons Math,org.apache.commons.math3.exception,DimensionMismatchException,0,25,0,0,0,6,0,3,0,3
Commons Math,org.apache.commons.math3.exception,MaxCountExceededException,0,30,0,0,0,7,0,3,0,3
Commons Math,org.apache.commons.math3.exception,NoBracketingException,12,52,0,0,4,8,4,2,4,2
Commons Math,org.apache.commons.math3.exception,MathUnsupportedOperationException,11,20,0,0,3,6,3,2,3,2
Commons Math,org.apache.commons.math3.exception,MathArithmeticException,7,33,0,0,2,9,2,3,2,3
Commons Math,org.apache.commons.math3.exception,NotStrictlyPositiveException,0,15,0,0,0,4,0,2,0,2
Commons Math,org.apache.commons.math3.exception,MathParseException,18,23,0,0,4,4,1,1,1,1
Commons Math,org.apache.commons.math3.exception,MathRuntimeException,25,0,0,0,7,0,4,0,4,0
Commons Math,org.apache.commons.math3.exception,NullArgumentException,0,11,0,0,0,4,0,2,0,2
Commons Math,org.apache.commons.math3.exception,NotPositiveException,0,15,0,0,0,4,0,2,0,2
Commons Math,org.apache.commons.math3.exception,TooManyEvaluationsException,0,10,0,0,0,3,0,1,0,1
Commons Math,org.apache.commons.math3.exception,ZeroException,0,13,0,0,0,4,0,2,0,2
Commons Math,org.apache.commons.math3.exception,NumberIsTooLargeException,0,34,0,2,0,10,0,5,0,4
Commons Math,org.apache.commons.math3.exception,MultiDimensionMismatchException,16,36,0,0,4,6,3,3,3,3
Commons Math,org.apache.commons.math3.exception,MathIllegalArgumentException,4,21,0,0,1,6,1,3,1,3
Commons Math,org.apache.commons.math3.exception,NonMonotonicSequenceException,0,68,0,6,0,19,0,9,0,6
Commons Math,org.apache.commons.math3.exception,NoDataException,0,10,0,0,0,4,0,2,0,2
Commons Math,org.apache.commons.math3.exception,TooManyIterationsException,10,0,0,0,3,0,1,0,1,0
Commons Math,org.apache.commons.math3.exception,ConvergenceException,0,14,0,0,0,5,0,2,0,2
Commons Math,org.apache.commons.math3.exception,NotFiniteNumberException,0,12,0,0,0,4,0,2,0,2
Commons Math,org.apache.commons.math3.exception,MathInternalError,29,0,0,0,7,0,3,0,3,0
Commons Math,org.apache.commons.math3.exception,MathIllegalStateException,19,27,0,0,5,8,2,4,2,4
Commons Math,org.apache.commons.math3.exception,NumberIsTooSmallException,0,34,0,2,0,10,0,5,0,4
Commons Math,org.apache.commons.math3.exception,NotANumberException,0,8,0,0,0,2,0,1,0,1
Commons Math,org.apache.commons.math3.exception,MathIllegalNumberException,0,20,0,0,0,4,0,2,0,2
Commons Math,org.apache.commons.math3.optim.nonlinear.vector.jacobian,LevenbergMarquardtOptimizer,80,2081,19,187,14,363,18,97,0,12
Commons Math,org.apache.commons.math3.optim.nonlinear.vector.jacobian,AbstractLeastSquaresOptimizer,8,200,2,12,2,41,2,18,0,13
Commons Math,org.apache.commons.math3.optim.nonlinear.vector.jacobian,GaussNewtonOptimizer,8,249,3,23,2,59,3,14,0,4
Commons Math,org.apache.commons.math3.distribution.fitting,MultivariateNormalMixtureExpectationMaximization.DataRow,21,47,4,2,6,9,4,4,2,3
Commons Math,org.apache.commons.math3.distribution.fitting,MultivariateNormalMixtureExpectationMaximization,26,633,3,51,3,108,3,30,0,6
Commons Math,org.apache.commons.math3.complex,ComplexField.LazyHolder,0,6,0,0,0,1,0,1,0,1
Commons Math,org.apache.commons.math3.complex,Complex,44,1116,14,156,10,215,16,114,3,42
Commons Math,org.apache.commons.math3.complex,ComplexField,2,8,0,0,1,4,1,4,1,4
Commons Math,org.apache.commons.math3.complex,Quaternion,52,619,6,26,6,97,6,40,1,29
Commons Math,org.apache.commons.math3.complex,ComplexUtils,0,52,0,4,0,8,0,4,0,2
Commons Math,org.apache.commons.math3.complex,ComplexFormat,139,291,17,21,35,76,18,22,5,15
Commons Math,org.apache.commons.math3.complex,RootsOfUnity,32,204,5,19,9,40,5,13,0,6
Commons Math,org.apache.commons.math3.random,UncorrelatedRandomVectorGenerator,8,70,1,3,1,16,1,4,0,3
Commons Math,org.apache.commons.math3.random,BitsStreamGenerator,42,227,4,14,7,48,3,17,1,10
Commons Math,org.apache.commons.math3.random,ValueServer,32,352,2,23,7,78,3,38,1,25
Commons Math,org.apache.commons.math3.random,UniformRandomGenerator,0,20,0,0,0,5,0,3,0,3
Commons Math,org.apache.commons.math3.random,ISAACRandom,30,992,1,19,5,124,2,21,1,12
Commons Math,org.apache.commons.math3.random,RandomDataGenerator,205,769,28,72,43,167,21,67,3,35
Commons Math,org.apache.commons.math3.random,AbstractRandomGenerator,35,169,5,17,7,40,5,17,1,10
Commons Math,org.apache.commons.math3.random,SynchronizedRandomGenerator,15,40,0,0,6,12,3,9,3,9
Commons Math,org.apache.commons.math3.random,StableRandomGenerator,80,170,5,19,9,31,4,10,0,2
Commons Math,org.apache.commons.math3.random,Well19937c,0,180,0,0,0,26,0,5,0,5
Commons Math,org.apache.commons.math3.random,Well19937a,7,157,0,0,2,22,1,4,1,4
Commons Math,org.apache.commons.math3.random,GaussianRandomGenerator,0,10,0,0,0,4,0,2,0,2
Commons Math,org.apache.commons.math3.random,UnitSphereRandomVectorGenerator,0,66,0,4,0,16,0,5,0,3
Commons Math,org.apache.commons.math3.random,Well44497a,15,161,0,2,4,22,2,4,2,3
Commons Math,org.apache.commons.math3.random,Well44497b,7,185,0,2,2,26,1,5,1,4
Commons Math,org.apache.commons.math3.random,MersenneTwister,18,476,1,27,6,70,2,21,1,8
Commons Math,org.apache.commons.math3.random,CorrelatedRandomVectorGenerator,50,103,3,7,12,19,4,7,2,4
Commons Math,org.apache.commons.math3.random,EmpiricalDistribution.DataAdapter,0,6,0,0,0,1,0,1,0,1
Commons Math,org.apache.commons.math3.random,RandomAdaptor,22,53,4,2,7,16,5,12,3,11
Commons Math,org.apache.commons.math3.random,Well1024a,7,130,0,0,2,20,1,4,1,4
Commons Math,org.apache.commons.math3.random,RandomDataImpl,144,54,0,0,29,14,25,9,25,9
Commons Math,org.apache.commons.math3.random,EmpiricalDistribution.StreamDataAdapter,0,79,0,4,0,23,0,5,0,3
Commons Math,org.apache.commons.math3.random,AbstractWell,0,241,0,8,0,39,0,11,0,7
Commons Math,org.apache.commons.math3.random,Well512a,15,117,0,0,4,17,2,3,2,3
Commons Math,org.apache.commons.math3.random,EmpiricalDistribution.ArrayDataAdapter,0,67,0,4,0,14,0,5,0,3
Commons Math,org.apache.commons.math3.random,JDKRandomGenerator,31,8,2,0,6,3,2,2,1,2
Commons Math,org.apache.commons.math3.random,EmpiricalDistribution,48,750,8,42,18,149,14,50,6,33
Commons Math,org.apache.commons.math3.analysis,FunctionUtils.new UnivariateDifferentiableFunction() {...},27,67,2,3,3,12,3,3,1,2
Commons Math,org.apache.commons.math3.analysis,FunctionUtils.new DifferentiableUnivariateFunction() {...},0,16,0,0,0,3,0,3,0,3
Commons Math,org.apache.commons.math3.analysis,FunctionUtils.new MultivariateDifferentiableFunction() {...},32,127,3,11,4,22,4,6,1,2
Commons Math,org.apache.commons.math3.analysis,FunctionUtils.new DifferentiableMultivariateFunction() {...},6,16,0,0,1,3,1,3,1,3
Commons Math,org.apache.commons.math3.analysis,FunctionUtils.new MultivariateDifferentiableVectorFunction() {...},27,152,3,13,3,26,3,8,0,3
Commons Math,org.apache.commons.math3.analysis,FunctionUtils.new DifferentiableMultivariateVectorFunction() {...},0,16,0,0,0,3,0,3,0,3
Commons Math,org.apache.commons.math3.analysis,FunctionUtils.new MultivariateFunction() {...},0,45,0,2,0,5,0,3,0,2
Commons Math,org.apache.commons.math3.analysis,FunctionUtils.new UnivariateFunction() {...},0,24,0,0,0,2,0,2,0,2
Commons Math,org.apache.commons.math3.analysis,FunctionUtils.new UnivariateFunction() {...},0,16,0,0,0,2,0,2,0,2
Commons Math,org.apache.commons.math3.analysis,FunctionUtils.new UnivariateFunction() {...},0,16,0,0,0,2,0,2,0,2
Commons Math,org.apache.commons.math3.analysis,FunctionUtils.18.new MultivariateMatrixFunction() {...},0,80,0,6,0,14,0,5,0,2
Commons Math,org.apache.commons.math3.analysis,FunctionUtils.16.new MultivariateFunction() {...},65,0,4,0,9,0,4,0,2,0
Commons Math,org.apache.commons.math3.analysis,FunctionUtils.16.new MultivariateVectorFunction() {...},0,66,0,4,0,13,0,4,0,2
Commons Math,org.apache.commons.math3.analysis,FunctionUtils.6.new UnivariateFunction() {...},38,0,2,0,5,0,3,0,2,0
Commons Math,org.apache.commons.math3.analysis,FunctionUtils.new DifferentiableUnivariateFunction() {...},32,0,2,0,6,0,4,0,3,0
Commons Math,org.apache.commons.math3.analysis,FunctionUtils.new UnivariateFunction() {...},0,33,0,2,0,5,0,3,0,2
Commons Math,org.apache.commons.math3.analysis,FunctionUtils.3.new UnivariateFunction() {...},42,0,2,0,7,0,3,0,2,0
Commons Math,org.apache.commons.math3.analysis,FunctionUtils.new UnivariateFunction() {...},0,27,0,2,0,5,0,3,0,2
Commons Math,org.apache.commons.math3.analysis,FunctionUtils.new UnivariateDifferentiableFunction() {...},21,27,2,2,4,5,2,3,1,2
Commons Math,org.apache.commons.math3.analysis,FunctionUtils.new UnivariateFunction() {...},0,33,0,2,0,5,0,3,0,2
Commons Math,org.apache.commons.math3.analysis,FunctionUtils.new UnivariateDifferentiableFunction() {...},27,33,2,2,4,5,2,3,1,2
Commons Math,org.apache.commons.math3.analysis,FunctionUtils.new UnivariateDifferentiableFunction() {...},27,33,2,2,4,5,2,3,1,2
Commons Math,org.apache.commons.math3.analysis,FunctionUtils.new DifferentiableUnivariateFunction() {...},38,0,2,0,6,0,4,0,3,0
Commons Math,org.apache.commons.math3.analysis,FunctionUtils.new DifferentiableUnivariateFunction() {...},38,0,2,0,6,0,4,0,3,0
Commons Math,org.apache.commons.math3.analysis,FunctionUtils.9.new UnivariateFunction() {...},56,0,6,0,9,0,5,0,2,0
Commons Math,org.apache.commons.math3.analysis,FunctionUtils,15,145,0,6,3,27,3,21,3,18
Commons Math,org.apache.commons.math3.analysis,FunctionUtils.14.new UnivariateFunction() {...},0,25,0,0,0,2,0,2,0,2
Commons Math,org.apache.commons.math3.analysis.differentiation,FiniteDifferencesDifferentiator.new UnivariateDifferentiableFunction() {...},0,82,0,4,0,9,0,5,0,3
Commons Math,org.apache.commons.math3.analysis.differentiation,FiniteDifferencesDifferentiator.new UnivariateDifferentiableVectorFunction() {...},0,120,0,10,0,16,0,8,0,3
Commons Math,org.apache.commons.math3.analysis.differentiation,DerivativeStructure,0,1723,2,68,0,300,2,114,0,81
Commons Math,org.apache.commons.math3.analysis.differentiation,FiniteDifferencesDifferentiator.new UnivariateDifferentiableMatrixFunction() {...},0,156,0,14,0,18,0,10,0,3
Commons Math,org.apache.commons.math3.analysis.differentiation,FiniteDifferencesDifferentiator,0,248,0,14,0,42,0,15,0,8
Commons Math,org.apache.commons.math3.analysis.differentiation,DSCompiler,6,3566,1,285,2,555,1,190,0,48
Commons Math,org.apache.commons.math3.analysis.differentiation,DerivativeStructure.new Field() {...},0,34,0,0,0,4,0,4,0,4
Commons Math,org.apache.commons.math3.analysis.differentiation,GradientFunction,0,68,0,4,0,14,0,4,0,2
Commons Math,org.apache.commons.math3.analysis.differentiation,DerivativeStructure.DataTransferObject,0,22,0,0,0,6,0,2,0,2
Commons Math,org.apache.commons.math3.analysis.differentiation,JacobianFunction,0,82,0,6,0,15,0,5,0,2
Commons Math,org.apache.commons.math3.optim.nonlinear.scalar,MultivariateOptimizer,0,56,0,6,0,15,0,8,0,5
Commons Math,org.apache.commons.math3.optim.nonlinear.scalar,GoalType,0,24,0,0,0,3,0,1,0,1
Commons Math,org.apache.commons.math3.optim.nonlinear.scalar,MultiStartMultivariateOptimizer.new Comparator() {...},11,31,5,3,2,7,4,2,0,2
Commons Math,org.apache.commons.math3.optim.nonlinear.scalar,ObjectiveFunctionGradient,0,9,0,0,0,4,0,2,0,2
Commons Math,org.apache.commons.math3.optim.nonlinear.scalar,MultivariateFunctionMappingAdapter,21,165,2,16,2,26,2,11,0,4
Commons Math,org.apache.commons.math3.optim.nonlinear.scalar,MultivariateFunctionPenaltyAdapter,29,159,3,17,3,26,3,9,0,2
Commons Math,org.apache.commons.math3.optim.nonlinear.scalar,MultivariateFunctionMappingAdapter.LowerUpperBoundMapper,0,27,0,0,0,6,0,3,0,3
Commons Math,org.apache.commons.math3.optim.nonlinear.scalar,MultivariateFunctionMappingAdapter.LowerBoundMapper,0,18,0,0,0,5,0,3,0,3
Commons Math,org.apache.commons.math3.optim.nonlinear.scalar,MultivariateFunctionMappingAdapter.NoBoundsMapper,0,4,0,0,0,2,0,2,0,2
Commons Math,org.apache.commons.math3.optim.nonlinear.scalar,GradientMultivariateOptimizer,0,42,1,3,0,10,1,5,0,4
Commons Math,org.apache.commons.math3.optim.nonlinear.scalar,MultivariateFunctionMappingAdapter.UpperBoundMapper,0,20,0,0,0,5,0,3,0,3
Commons Math,org.apache.commons.math3.optim.nonlinear.scalar,MultiStartMultivariateOptimizer,0,41,0,0,0,11,0,5,0,5
Commons Math,org.apache.commons.math3.optim.nonlinear.scalar,LeastSquaresConverter,25,175,3,15,3,35,3,10,0,4
Commons Math,org.apache.commons.math3.optim.nonlinear.scalar,ObjectiveFunction,0,9,0,0,0,4,0,2,0,2
Commons Math,org.apache.commons.math3.geometry.partitioning,SubHyperplane.SplitSubHyperplane,0,15,0,0,0,6,0,3,0,3
Commons Math,org.apache.commons.math3.geometry.partitioning,Side,0,44,0,0,0,5,0,1,0,1
Commons Math,org.apache.commons.math3.geometry.partitioning,RegionFactory.IntersectionMerger,0,23,0,2,0,6,0,3,0,2
Commons Math,org.apache.commons.math3.geometry.partitioning,BSPTree,56,748,13,66,15,172,12,52,0,21
Commons Math,org.apache.commons.math3.geometry.partitioning,BoundarySizeVisitor,0,39,0,4,0,13,0,7,0,5
Commons Math,org.apache.commons.math3.geometry.partitioning,AbstractRegion,95,614,25,99,17,137,21,67,1,22
Commons Math,org.apache.commons.math3.geometry.partitioning,AbstractRegion.new Comparator() {...},0,25,0,4,0,4,0,4,0,2
Commons Math,org.apache.commons.math3.geometry.partitioning,AbstractRegion.new BSPTreeVisitor() {...},0,20,0,2,0,6,0,5,0,4
Commons Math,org.apache.commons.math3.geometry.partitioning,AbstractRegion.BoundaryBuilder,4,189,5,23,1,39,5,14,0,4
Commons Math,org.apache.commons.math3.geometry.partitioning,RegionFactory.UnionMerger,0,23,0,2,0,6,0,3,0,2
Commons Math,org.apache.commons.math3.geometry.partitioning,RegionFactory.XorMerger,0,24,0,2,0,6,0,3,0,2
Commons Math,org.apache.commons.math3.geometry.partitioning,AbstractSubHyperplane,9,130,2,6,0,29,2,11,0,9
Commons Math,org.apache.commons.math3.geometry.partitioning,RegionFactory,26,191,8,10,4,38,6,11,0,8
Commons Math,org.apache.commons.math3.geometry.partitioning,BoundaryAttribute,0,15,0,0,0,6,0,3,0,3
Commons Math,org.apache.commons.math3.geometry.partitioning,RegionFactory.DifferenceMerger,0,38,0,6,0,9,0,5,0,2
Commons Math,org.apache.commons.math3.geometry.partitioning,Region.Location,0,34,0,0,0,4,0,1,0,1
Commons Math,org.apache.commons.math3.geometry.partitioning,RegionFactory.NodesCleaner,0,13,0,0,0,5,0,4,0,4
Commons Math,org.apache.commons.math3.geometry.partitioning,BSPTreeVisitor.Order,0,64,0,0,0,7,0,1,0,1
Commons Math,org.apache.commons.math3.geometry.partitioning,AbstractRegion.Sides,0,23,0,0,0,10,0,5,0,5
Commons Math,org.apache.commons.math3.ode.sampling,DummyStepHandler,6,0,0,0,4,0,4,0,4,0
Commons Math,org.apache.commons.math3.ode.sampling,AbstractStepInterpolator,108,631,9,25,18,168,11,32,2,24
Commons Math,org.apache.commons.math3.ode.sampling,StepNormalizer,19,268,1,33,5,60,3,23,2,7
Commons Math,org.apache.commons.math3.ode.sampling,StepNormalizerBounds,0,69,0,0,0,11,0,4,0,4
Commons Math,org.apache.commons.math3.ode.sampling,NordsieckStepInterpolator,27,386,11,27,7,80,12,17,1,9
Commons Math,org.apache.commons.math3.ode.sampling,DummyStepHandler.LazyHolder,6,0,0,0,1,0,1,0,1,0
Commons Math,org.apache.commons.math3.ode.sampling,StepNormalizerMode,0,24,0,0,0,3,0,1,0,1
Commons Math,org.apache.commons.math3.geometry.euclidean.twod,Line.LineTransform,7,225,1,1,1,30,1,4,0,4
Commons Math,org.apache.commons.math3.geometry.euclidean.twod,SubLine,0,349,0,32,0,59,0,25,0,9
Commons Math,org.apache.commons.math3.geometry.euclidean.twod,Line,86,412,3,13,20,58,7,28,5,22
Commons Math,org.apache.commons.math3.geometry.euclidean.twod,Vector2DFormat,100,0,4,0,23,0,11,0,9,0
Commons Math,org.apache.commons.math3.geometry.euclidean.twod,Euclidean2D.LazyHolder,0,6,0,0,0,1,0,1,0,1
Commons Math,org.apache.commons.math3.geometry.euclidean.twod,Euclidean2D,4,4,0,0,2,2,2,2,2,2
Commons Math,org.apache.commons.math3.geometry.euclidean.twod,PolygonsSet.Edge,0,76,0,0,0,21,0,7,0,7
Commons Math,org.apache.commons.math3.geometry.euclidean.twod,PolygonsSet.SegmentsBuilder,4,105,2,10,0,25,2,10,0,6
Commons Math,org.apache.commons.math3.geometry.euclidean.twod,PolygonsSet.Vertex,0,79,0,6,0,24,0,11,0,8
Commons Math,org.apache.commons.math3.geometry.euclidean.twod,PolygonsSet,258,712,27,92,39,162,23,49,2,10
Commons Math,org.apache.commons.math3.geometry.euclidean.twod,PolygonsSet.ComparableSegment,49,58,7,1,8,8,6,3,2,3
Commons Math,org.apache.commons.math3.geometry.euclidean.twod,Vector2D,502,64,26,0,75,14,45,5,32,5
Commons Math,org.apache.commons.math3.geometry.euclidean.twod,Segment,14,97,2,2,3,16,2,5,0,5
Commons Math,org.apache.commons.math3.geometry.euclidean.twod,NestedLoops,269,0,28,0,59,0,20,0,6,0
Commons Math,org.apache.commons.math3.stat.descriptive,MultivariateSummaryStatistics,0,742,8,36,0,145,8,50,0,36
Commons Math,org.apache.commons.math3.stat.descriptive,AggregateSummaryStatistics.AggregatingSummaryStatistics,36,22,8,0,8,8,6,2,2,2
Commons Math,org.apache.commons.math3.stat.descriptive,SynchronizedDescriptiveStatistics,6,73,0,0,3,28,1,14,1,14
Commons Math,org.apache.commons.math3.stat.descriptive,DescriptiveStatistics,157,681,3,19,22,139,4,57,2,48
Commons Math,org.apache.commons.math3.stat.descriptive,AbstractStorelessUnivariateStatistic,7,111,1,17,1,24,1,15,0,7
Commons Math,org.apache.commons.math3.stat.descriptive,AbstractUnivariateStatistic,114,184,16,28,17,34,14,19,3,8
Commons Math,org.apache.commons.math3.stat.descriptive,SynchronizedSummaryStatistics,75,71,0,0,30,28,14,22,14,22
Commons Math,org.apache.commons.math3.stat.descriptive,SummaryStatistics,95,832,18,40,28,164,27,41,9,30
Commons Math,org.apache.commons.math3.stat.descriptive,AggregateSummaryStatistics,78,256,10,14,15,56,15,14,5,12
Commons Math,org.apache.commons.math3.stat.descriptive,StatisticalSummaryValues,0,225,5,11,0,45,5,14,0,11
Commons Math,org.apache.commons.math3.stat.descriptive,SynchronizedMultivariateSummaryStatistics,0,104,0,0,0,41,0,31,0,31
Commons Math,org.apache.commons.math3.optim.nonlinear.scalar.noderiv,SimplexOptimizer,4,151,3,19,1,36,3,14,0,6
Commons Math,org.apache.commons.math3.optim.nonlinear.scalar.noderiv,NelderMeadSimplex,10,408,1,31,3,82,2,23,1,8
Commons Math,org.apache.commons.math3.optim.nonlinear.scalar.noderiv,CMAESOptimizer.DoubleIndex,36,15,6,0,7,5,5,2,2,2
Commons Math,org.apache.commons.math3.optim.nonlinear.scalar.noderiv,BOBYQAOptimizer.PathIsExploredException,12,0,0,0,2,0,1,0,1,0
Commons Math,org.apache.commons.math3.optim.nonlinear.scalar.noderiv,MultiDirectionalSimplex,7,173,0,8,2,42,1,13,1,9
Commons Math,org.apache.commons.math3.optim.nonlinear.scalar.noderiv,PowellOptimizer.LineSearch.new UnivariateFunction() {...},0,49,0,2,0,6,0,3,0,2
Commons Math,org.apache.commons.math3.optim.nonlinear.scalar.noderiv,PowellOptimizer.LineSearch,0,78,0,0,0,12,0,2,0,2
Commons Math,org.apache.commons.math3.optim.nonlinear.scalar.noderiv,PowellOptimizer,22,401,4,32,3,89,4,22,0,8
Commons Math,org.apache.commons.math3.optim.nonlinear.scalar.noderiv,CMAESOptimizer.PopulationSize,6,11,1,1,1,5,1,2,0,2
Commons Math,org.apache.commons.math3.optim.nonlinear.scalar.noderiv,BOBYQAOptimizer,6893,0,624,0,1185,0,333,0,13,0
Commons Math,org.apache.commons.math3.optim.nonlinear.scalar.noderiv,AbstractSimplex,98,379,13,41,14,75,14,27,1,13
Commons Math,org.apache.commons.math3.optim.nonlinear.scalar.noderiv,CMAESOptimizer.FitnessFunction,43,136,7,13,9,27,5,11,1,5
Commons Math,org.apache.commons.math3.optim.nonlinear.scalar.noderiv,CMAESOptimizer.Sigma,0,35,0,4,0,7,0,4,0,2
Commons Math,org.apache.commons.math3.optim.nonlinear.scalar.noderiv,SimplexOptimizer.new MultivariateFunction() {...},0,11,0,0,0,2,0,2,0,2
Commons Math,org.apache.commons.math3.optim.nonlinear.scalar.noderiv,SimplexOptimizer.new Comparator() {...},0,30,0,2,0,4,0,3,0,2
Commons Math,org.apache.commons.math3.optim.nonlinear.scalar.noderiv,CMAESOptimizer,201,2364,36,174,37,367,32,112,5,34
Commons Math,org.apache.commons.math3.optimization.general,AbstractLeastSquaresOptimizer,69,405,2,20,15,71,7,26,5,17
Commons Math,org.apache.commons.math3.optimization.general,NonLinearConjugateGradientOptimizer.LineSearchFunction,0,63,0,4,0,11,0,4,0,2
Commons Math,org.apache.commons.math3.optimization.general,LevenbergMarquardtOptimizer,92,2060,21,181,15,360,18,93,0,10
Commons Math,org.apache.commons.math3.optimization.general,NonLinearConjugateGradientOptimizer,31,335,7,27,8,65,8,16,2,5
Commons Math,org.apache.commons.math3.optimization.general,AbstractDifferentiableOptimizer,37,0,0,0,6,0,4,0,4,0
Commons Math,org.apache.commons.math3.optimization.general,NonLinearConjugateGradientOptimizer.IdentityPreconditioner,0,7,0,0,0,2,0,2,0,2
Commons Math,org.apache.commons.math3.optimization.general,AbstractScalarDifferentiableOptimizer,3,28,0,0,1,7,1,4,1,4
Commons Math,org.apache.commons.math3.optimization.general,ConjugateGradientFormula,0,24,0,0,0,3,0,1,0,1
Commons Math,org.apache.commons.math3.optimization.general,GaussNewtonOptimizer,24,232,3,19,6,56,5,11,2,3
Commons Math,org.apache.commons.math3.optim,MaxIter,11,11,1,1,2,5,2,2,1,2
Commons Math,org.apache.commons.math3.optim,BaseMultivariateOptimizer,10,174,2,28,1,36,2,20,0,7
Commons Math,org.apache.commons.math3.optim,BaseOptimizer,4,98,0,6,1,25,1,12,1,9
Commons Math,org.apache.commons.math3.optim,BaseOptimizer.MaxIterCallback,6,0,0,0,1,0,1,0,1,0
Commons Math,org.apache.commons.math3.optim,BaseOptimizer.MaxEvalCallback,0,6,0,0,0,1,0,1,0,1
Commons Math,org.apache.commons.math3.optim,PointVectorValuePair,6,66,3,9,0,18,3,10,0,7
Commons Math,org.apache.commons.math3.optim,SimpleVectorValueChecker,0,83,0,12,0,21,0,9,0,3
Commons Math,org.apache.commons.math3.optim,MaxEval,11,11,1,1,2,5,2,2,1,2
Commons Math,org.apache.commons.math3.optim,PointValuePair,4,45,2,4,0,11,2,6,0,5
Commons Math,org.apache.commons.math3.optim,SimpleValueChecker,0,71,1,9,0,16,1,7,0,3
Commons Math,org.apache.commons.math3.optim,PointValuePair.DataTransferObject,0,20,0,0,0,5,0,2,0,2
Commons Math,org.apache.commons.math3.optim,AbstractConvergenceChecker,0,15,0,0,0,6,0,3,0,3
Commons Math,org.apache.commons.math3.optim,PointVectorValuePair.DataTransferObject,0,22,0,0,0,5,0,2,0,2
Commons Math,org.apache.commons.math3.optim,SimplePointChecker,0,85,2,10,0,21,2,7,0,3
Commons Math,org.apache.commons.math3.optim,InitialGuess,0,13,0,0,0,4,0,2,0,2
Commons Math,org.apache.commons.math3.optim,SimpleBounds,0,41,0,0,0,11,0,4,0,4
Commons Math,org.apache.commons.math3.optim,BaseMultiStartMultivariateOptimizer,14,219,4,30,3,51,4,17,0,4
Commons Math,org.apache.commons.math3.analysis.solvers,BaseSecantSolver,12,262,3,45,3,65,3,33,0,7
Commons Math,org.apache.commons.math3.analysis.solvers,AbstractDifferentiableUnivariateSolver,6,23,0,0,2,7,1,3,1,3
Commons Math,org.apache.commons.math3.analysis.solvers,BrentSolver,6,344,1,39,2,83,2,24,1,5
Commons Math,org.apache.commons.math3.analysis.solvers,NewtonRaphsonSolver,0,54,0,2,0,14,0,5,0,4
Commons Math,org.apache.commons.math3.analysis.solvers,LaguerreSolver.ComplexSolver,43,303,9,21,7,59,8,11,0,4
Commons Math,org.apache.commons.math3.analysis.solvers,SecantSolver,11,93,1,9,5,26,3,6,2,2
Commons Math,org.apache.commons.math3.analysis.solvers,MullerSolver2,19,238,5,15,6,49,6,8,1,3
Commons Math,org.apache.commons.math3.analysis.solvers,RiddersSolver,13,166,4,12,6,46,5,7,1,3
Commons Math,org.apache.commons.math3.analysis.solvers,AbstractUnivariateDifferentiableSolver,6,28,0,0,2,7,1,3,1,3
Commons Math,org.apache.commons.math3.analysis.solvers,BracketingNthOrderBrentSolver,4,662,1,65,1,131,1,43,0,9
Commons Math,org.apache.commons.math3.analysis.solvers,AbstractUnivariateSolver,0,15,0,0,0,6,0,3,0,3
Commons Math,org.apache.commons.math3.analysis.solvers,IllinoisSolver,18,5,0,0,6,2,3,1,3,1
Commons Math,org.apache.commons.math3.analysis.solvers,AbstractPolynomialSolver,11,19,0,0,4,6,2,3,2,3
Commons Math,org.apache.commons.math3.analysis.solvers,UnivariateSolverUtils,157,283,23,39,30,56,16,26,0,11
Commons Math,org.apache.commons.math3.analysis.solvers,BisectionSolver,5,57,0,4,2,17,1,5,1,3
Commons Math,org.apache.commons.math3.analysis.solvers,BaseAbstractUnivariateSolver,4,150,0,0,1,44,1,21,1,21
Commons Math,org.apache.commons.math3.analysis.solvers,LaguerreSolver,85,144,8,8,16,28,9,7,3,5
Commons Math,org.apache.commons.math3.analysis.solvers,BaseSecantSolver.Method,0,34,0,0,0,4,0,1,0,1
Commons Math,org.apache.commons.math3.analysis.solvers,AllowedSolution,0,54,0,0,0,6,0,1,0,1
Commons Math,org.apache.commons.math3.analysis.solvers,NewtonSolver,0,46,0,2,0,12,0,5,0,4
Commons Math,org.apache.commons.math3.analysis.solvers,PegasusSolver,5,18,0,0,2,6,1,3,1,3
Commons Math,org.apache.commons.math3.analysis.solvers,MullerSolver,11,320,5,31,5,59,6,17,1,4
Commons Math,org.apache.commons.math3.analysis.solvers,RegulaFalsiSolver,18,5,0,0,6,2,3,1,3,1
Commons Math,org.apache.commons.math3.optim.nonlinear.vector,Weight,20,13,2,0,6,4,2,2,1,2
Commons Math,org.apache.commons.math3.optim.nonlinear.vector,MultivariateVectorOptimizer,0,96,0,10,0,25,0,13,0,8
Commons Math,org.apache.commons.math3.optim.nonlinear.vector,Target,0,13,0,0,0,4,0,2,0,2
Commons Math,org.apache.commons.math3.optim.nonlinear.vector,JacobianMultivariateVectorOptimizer,0,42,0,4,0,10,0,6,0,4
Commons Math,org.apache.commons.math3.optim.nonlinear.vector,ModelFunction,0,9,0,0,0,4,0,2,0,2
Commons Math,org.apache.commons.math3.optim.nonlinear.vector,ModelFunctionJacobian,0,9,0,0,0,4,0,2,0,2
Commons Math,org.apache.commons.math3.optim.nonlinear.vector,MultiStartMultivariateVectorOptimizer,0,41,0,0,0,11,0,5,0,5
Commons Math,org.apache.commons.math3.optim.nonlinear.vector,MultiStartMultivariateVectorOptimizer.new Comparator() {...},8,53,4,2,2,10,3,3,0,3
Commons Math,org.apache.commons.math3.optim.univariate,UnivariatePointValuePair,0,15,0,0,0,6,0,3,0,3
Commons Math,org.apache.commons.math3.optim.univariate,SearchInterval,19,43,3,3,2,12,3,5,0,5
Commons Math,org.apache.commons.math3.optim.univariate,BracketFinder,80,324,16,30,17,76,17,18,5,7
Commons Math,org.apache.commons.math3.optim.univariate,MultiStartUnivariateOptimizer.new Comparator() {...},6,33,3,5,1,8,3,3,0,2
Commons Math,org.apache.commons.math3.optim.univariate,UnivariateOptimizer,0,84,0,8,0,24,0,12,0,8
Commons Math,org.apache.commons.math3.optim.univariate,MultiStartUnivariateOptimizer,13,213,2,18,2,50,2,14,0,6
Commons Math,org.apache.commons.math3.optim.univariate,BrentOptimizer,23,470,5,69,6,117,5,37,0,5
Commons Math,org.apache.commons.math3.optim.univariate,UnivariateObjectiveFunction,0,9,0,0,0,4,0,2,0,2
Commons Math,org.apache.commons.math3.optim.univariate,SimpleUnivariateValueChecker,0,67,2,8,0,16,2,6,0,3
Commons Math,org.apache.commons.math3.ml.distance,ChebyshevDistance,0,7,0,0,0,2,0,2,0,2
Commons Math,org.apache.commons.math3.ml.distance,EuclideanDistance,0,7,0,0,0,2,0,2,0,2
Commons Math,org.apache.commons.math3.ml.distance,ManhattanDistance,0,7,0,0,0,2,0,2,0,2
Commons Math,org.apache.commons.math3.ml.distance,CanberraDistance,0,50,0,6,0,7,0,5,0,2
Commons Math,org.apache.commons.math3.ode.events,Transformer.new Transformer() {...},0,8,0,0,0,2,0,2,0,2
Commons Math,org.apache.commons.math3.ode.events,Transformer.new Transformer() {...},0,8,0,0,0,2,0,2,0,2
Commons Math,org.apache.commons.math3.ode.events,Transformer.new Transformer() {...},0,14,0,0,0,2,0,2,0,2
Commons Math,org.apache.commons.math3.ode.events,Transformer.new Transformer() {...},0,9,0,0,0,2,0,2,0,2
Commons Math,org.apache.commons.math3.ode.events,Transformer.new Transformer() {...},0,13,0,0,0,2,0,2,0,2
Commons Math,org.apache.commons.math3.ode.events,Transformer,0,54,0,0,0,6,0,1,0,1
Commons Math,org.apache.commons.math3.ode.events,FilterType,0,24,0,0,0,3,0,1,0,1
Commons Math,org.apache.commons.math3.ode.events,EventFilter,24,237,2,20,4,42,3,13,1,4
Commons Math,org.apache.commons.math3.ode.events,FilterType.new FilterType() {...},8,112,2,36,2,39,2,24,0,3
Commons Math,org.apache.commons.math3.ode.events,FilterType.new FilterType() {...},8,112,2,36,2,39,2,24,0,3
Commons Math,org.apache.commons.math3.ode.events,EventState,53,452,10,48,9,93,12,28,3,8
Commons Math,org.apache.commons.math3.ode.events,EventState.new UnivariateFunction() {...},6,22,0,0,2,3,0,2,0,2
Commons Math,org.apache.commons.math3.ode.events,EventHandler.Action,0,44,0,0,0,5,0,1,0,1
Commons Math,org.apache.commons.math3.ode.events,EventState.LocalMaxCountExceededException,9,0,0,0,4,0,2,0,2,0
